,WML
2010-01-01,0.0002
2010-01-04,0.0118
2010-01-05,0.005600000000000001
2010-01-06,0.0044
2010-01-07,0.004
2010-01-08,0.0018
2010-01-11,-0.0018
2010-01-12,-0.006
2010-01-13,0.0037
2010-01-14,0.0038
2010-01-15,-0.0021
2010-01-18,0.002
2010-01-19,-0.0015
2010-01-20,-0.009300000000000001
2010-01-21,-0.0113
2010-01-22,-0.0049
2010-01-25,0.0015
2010-01-26,-0.0028000000000000004
2010-01-27,-0.0029
2010-01-28,-0.0003
2010-01-29,0.0063
2010-02-01,0.008
2010-02-02,0.0095
2010-02-03,-0.005
2010-02-04,-0.0217
2010-02-05,-0.0078000000000000005
2010-02-08,-0.0062
2010-02-09,0.0128
2010-02-10,0.0044
2010-02-11,-0.0007000000000000001
2010-02-12,-0.0106
2010-02-15,0.0008
2010-02-16,0.011000000000000001
2010-02-17,0.0113
2010-02-18,-0.001
2010-02-19,-0.001
2010-02-22,0.0054
2010-02-23,-0.006999999999999999
2010-02-24,-0.0007000000000000001
2010-02-25,-0.0064
2010-02-26,0.004
2010-03-01,-0.0011
2010-03-02,0.0052
2010-03-03,0.0074
2010-03-04,0.0037
2010-03-05,0.0089
2010-03-08,-0.0015
2010-03-09,0.0001
2010-03-10,0.0018
2010-03-11,-0.0004
2010-03-12,0.0052
2010-03-15,-0.0034999999999999996
2010-03-16,0.0036
2010-03-17,0.008199999999999999
2010-03-18,-0.0024
2010-03-19,-0.0040999999999999995
2010-03-22,0.0024
2010-03-23,0.0067
2010-03-24,0.0003
2010-03-25,0.0015
2010-03-26,-0.0028000000000000004
2010-03-29,-0.0007000000000000001
2010-03-30,-0.0017000000000000001
2010-03-31,0.0034000000000000002
2010-04-01,0.0053
2010-04-02,0.0004
2010-04-05,0.0007000000000000001
2010-04-06,0.0092
2010-04-07,-0.0002
2010-04-08,-0.0007000000000000001
2010-04-09,0.0008
2010-04-12,-0.0040999999999999995
2010-04-13,-0.004
2010-04-14,0.0039000000000000003
2010-04-15,0.0005
2010-04-16,-0.0025
2010-04-19,-0.0013
2010-04-20,0.006
2010-04-21,0.0014000000000000002
2010-04-22,0.0068000000000000005
2010-04-23,0.0054
2010-04-26,0.0105
2010-04-27,0.0003
2010-04-28,-0.0031
2010-04-29,0.0027
2010-04-30,-0.005699999999999999
2010-05-03,0.002
2010-05-04,-0.0078000000000000005
2010-05-05,-0.003
2010-05-06,0.0015
2010-05-07,-0.0037
2010-05-10,0.0124
2010-05-11,0.0045000000000000005
2010-05-12,0.0096
2010-05-13,0.0063
2010-05-14,0.0005
2010-05-17,-0.0034000000000000002
2010-05-18,-0.0028000000000000004
2010-05-19,-0.0127
2010-05-20,-0.0172
2010-05-21,0.0033
2010-05-24,0.006999999999999999
2010-05-25,-0.0104
2010-05-26,0.0187
2010-05-27,0.0
2010-05-28,0.0029
2010-05-31,0.0033
2010-06-01,0.0021
2010-06-02,0.0054
2010-06-03,0.005600000000000001
2010-06-04,0.0048
2010-06-07,-0.0009
2010-06-08,0.0034000000000000002
2010-06-09,0.0076
2010-06-10,0.0103
2010-06-11,-0.013500000000000002
2010-06-14,0.0003
2010-06-15,-0.0009
2010-06-16,-0.0022
2010-06-17,-0.003
2010-06-18,-0.0018
2010-06-21,0.005
2010-06-22,0.0012
2010-06-23,0.0011
2010-06-24,-0.0018
2010-06-25,-0.0011
2010-06-28,0.008199999999999999
2010-06-29,-0.0027
2010-06-30,-0.0058
2010-07-01,-0.011200000000000002
2010-07-02,-0.0014000000000000002
2010-07-05,-0.0021
2010-07-06,0.0003
2010-07-07,-0.011200000000000002
2010-07-08,-0.0013
2010-07-09,0.0045000000000000005
2010-07-12,0.0003
2010-07-13,0.0023
2010-07-14,0.0028000000000000004
2010-07-15,-0.0016
2010-07-16,0.0019
2010-07-19,-0.0016
2010-07-20,-0.002
2010-07-21,0.0089
2010-07-22,-0.0026
2010-07-23,0.0031
2010-07-26,-0.0068000000000000005
2010-07-27,-0.0196
2010-07-28,-0.002
2010-07-29,-0.0026
2010-07-30,0.004
2010-08-02,-0.0079
2010-08-03,-0.0023
2010-08-04,-0.001
2010-08-05,-0.001
2010-08-06,0.0019
2010-08-09,-0.0013
2010-08-10,0.006
2010-08-11,0.0072
2010-08-12,0.006999999999999999
2010-08-13,0.0046
2010-08-16,0.0070999999999999995
2010-08-17,-0.0033
2010-08-18,0.005600000000000001
2010-08-19,0.0027
2010-08-20,0.003
2010-08-23,-0.0014000000000000002
2010-08-24,0.0011
2010-08-25,0.0059
2010-08-26,-0.0002
2010-08-27,-0.0005
2010-08-30,0.0027
2010-08-31,0.0036
2010-09-01,0.0007000000000000001
2010-09-02,-0.0025
2010-09-03,-0.0043
2010-09-06,-0.0021
2010-09-07,0.0075
2010-09-08,0.0017000000000000001
2010-09-09,0.0003
2010-09-10,0.0028000000000000004
2010-09-13,-0.0029
2010-09-14,0.0026
2010-09-15,0.0044
2010-09-16,0.0
2010-09-17,0.006500000000000001
2010-09-20,0.0034999999999999996
2010-09-21,-0.0031
2010-09-22,0.004
2010-09-23,0.0067
2010-09-24,-0.0018
2010-09-27,0.0
2010-09-28,0.0025
2010-09-29,0.0018
2010-09-30,-0.0023
2010-10-01,-0.0016
2010-10-04,0.0048
2010-10-05,-0.0069
2010-10-06,-0.004
2010-10-07,-0.0037
2010-10-08,0.0021
2010-10-11,0.0027
2010-10-12,0.0032
2010-10-13,-0.0039000000000000003
2010-10-14,0.0015
2010-10-15,-0.002
2010-10-18,-0.0062
2010-10-19,-0.0025
2010-10-20,0.0019
2010-10-21,0.003
2010-10-22,0.0009
2010-10-25,0.0028000000000000004
2010-10-26,-0.0013
2010-10-27,0.0
2010-10-28,-0.0024
2010-10-29,0.005600000000000001
2010-11-01,0.0075
2010-11-02,0.0011
2010-11-03,0.0039000000000000003
2010-11-04,0.0025
2010-11-05,0.0051
2010-11-08,0.0022
2010-11-09,0.0
2010-11-10,0.0022
2010-11-11,0.0055000000000000005
2010-11-12,-0.0031
2010-11-15,0.0034000000000000002
2010-11-16,-0.0006
2010-11-17,-0.0003
2010-11-18,0.0031
2010-11-19,0.0040999999999999995
2010-11-22,0.0083
2010-11-23,0.0048
2010-11-24,0.0105
2010-11-25,0.0059
2010-11-26,0.0022
2010-11-29,0.0059
2010-11-30,0.0086
2010-12-01,-0.0001
2010-12-02,0.0029
2010-12-03,-0.0027
2010-12-06,0.0062
2010-12-07,-0.0025
2010-12-08,-0.0084
2010-12-09,-0.0141
2010-12-10,0.0051
2010-12-13,0.0046
2010-12-14,-0.001
2010-12-15,0.0044
2010-12-16,0.0034999999999999996
2010-12-17,0.0044
2010-12-20,0.0015
2010-12-21,0.0008
2010-12-22,0.0012
2010-12-23,0.002
2010-12-24,-0.0003
2010-12-27,0.0019
2010-12-28,0.0005
2010-12-29,-0.0019
2010-12-30,0.0005
2010-12-31,0.0027
2011-01-03,-0.002
2011-01-04,-0.0025
2011-01-05,-0.005
2011-01-06,-0.0002
2011-01-07,0.0076
2011-01-10,0.0097
2011-01-11,0.0007000000000000001
2011-01-12,-0.0154
2011-01-13,-0.0169
2011-01-14,-0.0042
2011-01-17,-0.0001
2011-01-18,-0.0036
2011-01-19,-0.0115
2011-01-20,-0.0223
2011-01-21,-0.0062
2011-01-24,-0.0048
2011-01-25,0.0042
2011-01-26,0.0144
2011-01-27,-0.0025
2011-01-28,-0.0034999999999999996
2011-01-31,-0.0006
2011-02-01,-0.0015
2011-02-02,-0.0077
2011-02-03,0.0067
2011-02-04,-0.0012
2011-02-07,0.0029
2011-02-08,-0.001
2011-02-09,-0.0028000000000000004
2011-02-10,0.004
2011-02-11,0.0052
2011-02-14,0.0055000000000000005
2011-02-15,-0.0053
2011-02-16,-0.0063
2011-02-17,-0.0054
2011-02-18,-0.0028000000000000004
2011-02-21,0.0028000000000000004
2011-02-22,0.003
2011-02-23,-0.0083
2011-02-24,-0.0042
2011-02-25,0.0052
2011-02-28,0.0053
2011-03-01,0.0055000000000000005
2011-03-02,-0.0008
2011-03-03,0.004
2011-03-04,-0.0001
2011-03-07,0.0034000000000000002
2011-03-08,0.0016
2011-03-09,-0.0006
2011-03-10,-0.0086
2011-03-11,-0.0037
2011-03-14,-0.0088
2011-03-15,-0.0068000000000000005
2011-03-16,0.0033
2011-03-17,0.0046
2011-03-18,0.009300000000000001
2011-03-21,0.0054
2011-03-22,0.0006
2011-03-23,-0.0012
2011-03-24,0.0003
2011-03-25,0.0006
2011-03-28,-0.0012
2011-03-29,0.0046
2011-03-30,0.006999999999999999
2011-03-31,0.0051
2011-04-01,0.0
2011-04-04,0.0039000000000000003
2011-04-05,0.0024
2011-04-06,-0.004699999999999999
2011-04-07,-0.0068000000000000005
2011-04-08,0.0015
2011-04-11,-0.0009
2011-04-12,-0.0046
2011-04-13,0.0025
2011-04-14,0.005
2011-04-15,0.0036
2011-04-18,0.0015
2011-04-19,0.0059
2011-04-20,0.0072
2011-04-21,0.0026
2011-04-22,0.0
2011-04-25,-0.0001
2011-04-26,0.0007000000000000001
2011-04-27,0.0006
2011-04-28,0.0006
2011-04-29,0.0004
2011-05-02,0.0014000000000000002
2011-05-03,-0.0049
2011-05-04,-0.0062
2011-05-05,-0.0023
2011-05-06,0.0001
2011-05-09,0.0067
2011-05-10,0.0034999999999999996
2011-05-11,-0.0049
2011-05-12,-0.0055000000000000005
2011-05-13,0.0001
2011-05-16,0.001
2011-05-17,-0.0015
2011-05-18,0.0004
2011-05-19,0.0024
2011-05-20,0.0008
2011-05-23,-0.0048
2011-05-24,0.0064
2011-05-25,-0.0021
2011-05-26,0.0027
2011-05-27,0.0033
2011-05-30,0.002
2011-05-31,0.0033
2011-06-01,0.0046
2011-06-02,0.0004
2011-06-03,-0.0011
2011-06-06,0.0025
2011-06-07,-0.0011
2011-06-08,-0.0004
2011-06-09,0.006999999999999999
2011-06-10,-0.0033
2011-06-13,-0.0019
2011-06-14,0.0012
2011-06-15,-0.0003
2011-06-16,-0.0009
2011-06-17,-0.0024
2011-06-20,0.0005
2011-06-21,0.006500000000000001
2011-06-22,0.0042
2011-06-23,0.0016
2011-06-24,0.005600000000000001
2011-06-27,0.0004
2011-06-28,0.002
2011-06-29,0.0034999999999999996
2011-06-30,0.0004
2011-07-01,-0.0033
2011-07-04,0.0037
2011-07-05,0.006999999999999999
2011-07-06,0.0087
2011-07-07,0.0031
2011-07-08,0.0073
2011-07-11,0.0016
2011-07-12,-0.0011
2011-07-13,0.006999999999999999
2011-07-14,0.0033
2011-07-15,0.0049
2011-07-18,0.0037
2011-07-19,-0.0043
2011-07-20,-0.0074
2011-07-21,-0.012199999999999999
2011-07-22,-0.004
2011-07-25,0.0146
2011-07-26,0.0001
2011-07-27,0.002
2011-07-28,-0.0073
2011-07-29,0.0015
2011-08-01,0.006
2011-08-02,-0.006
2011-08-03,-0.009000000000000001
2011-08-04,-0.006999999999999999
2011-08-05,-0.011000000000000001
2011-08-08,-0.0184
2011-08-09,0.018000000000000002
2011-08-10,0.02
2011-08-11,-0.0005
2011-08-12,-0.0023
2011-08-15,0.0018
2011-08-16,-0.0046
2011-08-17,-0.0001
2011-08-18,0.0002
2011-08-19,-0.0045000000000000005
2011-08-22,-0.0033
2011-08-23,0.0059
2011-08-24,0.0029
2011-08-25,0.0002
2011-08-26,0.0070999999999999995
2011-08-29,-0.008
2011-08-30,0.0034999999999999996
2011-08-31,0.0033
2011-09-01,0.0026
2011-09-02,0.013300000000000001
2011-09-05,0.0143
2011-09-06,0.0004
2011-09-07,-0.009000000000000001
2011-09-08,-0.0002
2011-09-09,0.0148
2011-09-12,0.0139
2011-09-13,-0.0091
2011-09-14,-0.0042
2011-09-15,-0.0111
2011-09-16,-0.0027
2011-09-19,0.013000000000000001
2011-09-20,0.0051
2011-09-21,0.0039000000000000003
2011-09-22,0.0168
2011-09-23,-0.0085
2011-09-26,-0.0096
2011-09-27,-0.0232
2011-09-28,0.0051
2011-09-29,-0.0129
2011-09-30,0.0134
2011-10-03,0.0105
2011-10-04,0.0091
2011-10-05,-0.0137
2011-10-06,-0.014499999999999999
2011-10-07,0.0039000000000000003
2011-10-10,-0.0096
2011-10-11,-0.0014000000000000002
2011-10-12,-0.0204
2011-10-13,0.016399999999999998
2011-10-14,-0.0004
2011-10-17,0.0115
2011-10-18,0.0058
2011-10-19,-0.0042
2011-10-20,0.0149
2011-10-21,-0.0141
2011-10-24,-0.0155
2011-10-25,0.0026
2011-10-26,0.003
2011-10-27,-0.042
2011-10-28,0.0011
2011-10-31,0.0274
2011-11-01,0.0339
2011-11-02,-0.0063
2011-11-03,-0.013600000000000001
2011-11-04,0.0095
2011-11-07,0.0028000000000000004
2011-11-08,-0.0026
2011-11-09,0.0183
2011-11-10,0.0005
2011-11-11,-0.0147
2011-11-14,0.0052
2011-11-15,0.012
2011-11-16,0.0055000000000000005
2011-11-17,0.011899999999999999
2011-11-18,0.0006
2011-11-21,0.016200000000000003
2011-11-22,0.0121
2011-11-23,0.009000000000000001
2011-11-24,-0.008199999999999999
2011-11-25,0.0013
2011-11-28,-0.0218
2011-11-29,0.0032
2011-11-30,-0.019799999999999998
2011-12-01,0.0043
2011-12-02,-0.0147
2011-12-05,-0.0155
2011-12-06,0.0105
2011-12-07,0.0039000000000000003
2011-12-08,0.0203
2011-12-09,-0.0103
2011-12-12,0.0202
2011-12-13,0.0077
2011-12-14,0.017
2011-12-15,-0.0008
2011-12-16,-0.002
2011-12-19,0.005600000000000001
2011-12-20,-0.0207
2011-12-21,0.0051
2011-12-22,-0.0088
2011-12-23,-0.0013
2011-12-26,0.0004
2011-12-27,0.0001
2011-12-28,0.0091
2011-12-29,-0.0021
2011-12-30,-0.0038
2012-01-02,-0.0091
2012-01-03,-0.013600000000000001
2012-01-04,0.0075
2012-01-05,0.0116
2012-01-06,0.0032
2012-01-09,0.011000000000000001
2012-01-10,-0.014499999999999999
2012-01-11,-0.012
2012-01-12,-0.0182
2012-01-13,-0.0031
2012-01-16,-0.0038
2012-01-17,-0.0087
2012-01-18,-0.0054
2012-01-19,-0.029300000000000003
2012-01-20,-0.0040999999999999995
2012-01-23,-0.013600000000000001
2012-01-24,0.0075
2012-01-25,-0.0045000000000000005
2012-01-26,-0.013600000000000001
2012-01-27,-0.0019
2012-01-30,0.0176
2012-01-31,-0.005600000000000001
2012-02-01,-0.013999999999999999
2012-02-02,-0.0115
2012-02-03,-0.0106
2012-02-06,0.0003
2012-02-07,-0.0017000000000000001
2012-02-08,-0.013500000000000002
2012-02-09,-0.0039000000000000003
2012-02-10,0.0206
2012-02-13,-0.004
2012-02-14,0.0092
2012-02-15,0.0045000000000000005
2012-02-16,0.005699999999999999
2012-02-17,-0.0182
2012-02-20,-0.0143
2012-02-21,0.0037
2012-02-22,0.0108
2012-02-23,0.011399999999999999
2012-02-24,-0.0067
2012-02-27,0.0059
2012-02-28,0.0033
2012-02-29,0.0003
2012-03-01,0.0009
2012-03-02,-0.006500000000000001
2012-03-05,0.0078000000000000005
2012-03-06,0.013500000000000002
2012-03-07,0.0002
2012-03-08,-0.003
2012-03-09,0.0046
2012-03-12,0.006500000000000001
2012-03-13,-0.0067
2012-03-14,-0.005600000000000001
2012-03-15,-0.0075
2012-03-16,-0.006
2012-03-19,-0.0064
2012-03-20,0.0018
2012-03-21,0.0098
2012-03-22,0.0088
2012-03-23,-0.002
2012-03-26,0.0068000000000000005
2012-03-27,0.0015
2012-03-28,0.0054
2012-03-29,0.0101
2012-03-30,0.0023
2012-04-02,0.0124
2012-04-03,0.0070999999999999995
2012-04-04,0.013300000000000001
2012-04-05,0.006500000000000001
2012-04-06,0.0001
2012-04-09,0.0004
2012-04-10,0.014199999999999999
2012-04-11,-0.0043
2012-04-12,0.0025
2012-04-13,0.0123
2012-04-16,0.0124
2012-04-17,-0.010700000000000001
2012-04-18,0.0161
2012-04-19,0.0134
2012-04-20,-0.0043
2012-04-23,0.012199999999999999
2012-04-24,-0.0054
2012-04-25,-0.0125
2012-04-26,0.0098
2012-04-27,-0.0095
2012-04-30,0.004
2012-05-01,-0.0004
2012-05-02,0.0127
2012-05-03,0.0092
2012-05-04,-0.0040999999999999995
2012-05-07,-0.0067
2012-05-08,-0.0007000000000000001
2012-05-09,0.011699999999999999
2012-05-10,-0.016200000000000003
2012-05-11,0.0108
2012-05-14,0.0146
2012-05-15,0.016
2012-05-16,-0.0016
2012-05-17,0.0053
2012-05-18,-0.0118
2012-05-21,-0.0025
2012-05-22,-0.0074
2012-05-23,0.0124
2012-05-24,0.0021
2012-05-25,0.0013
2012-05-28,0.0048
2012-05-29,0.0084
2012-05-30,0.0077
2012-05-31,0.0045000000000000005
2012-06-01,-0.01
2012-06-04,-0.0096
2012-06-05,-0.0005
2012-06-06,-0.0118
2012-06-07,0.0034000000000000002
2012-06-08,0.0013
2012-06-11,0.009899999999999999
2012-06-12,0.006999999999999999
2012-06-13,0.0046
2012-06-14,-0.0032
2012-06-15,-0.021
2012-06-18,0.0108
2012-06-19,-0.0127
2012-06-20,-0.0106
2012-06-21,0.0049
2012-06-22,-0.0032
2012-06-25,0.0213
2012-06-26,0.0101
2012-06-27,-0.0024
2012-06-28,-0.0006
2012-06-29,-0.0236
2012-07-02,0.0002
2012-07-03,-0.0027
2012-07-04,-0.0023
2012-07-05,0.01
2012-07-06,0.0178
2012-07-09,0.0038
2012-07-10,0.0044
2012-07-11,-0.003
2012-07-12,0.0062
2012-07-13,-0.0015
2012-07-16,0.0028000000000000004
2012-07-17,-0.001
2012-07-18,0.0026
2012-07-19,0.0027
2012-07-20,0.0163
2012-07-23,0.0075
2012-07-24,0.0095
2012-07-25,-0.0054
2012-07-26,-0.0091
2012-07-27,-0.0077
2012-07-30,-0.009000000000000001
2012-07-31,-0.0028000000000000004
2012-08-01,0.0024
2012-08-02,0.0171
2012-08-03,-0.0134
2012-08-06,-0.011399999999999999
2012-08-07,-0.009399999999999999
2012-08-08,0.0013
2012-08-09,0.0003
2012-08-10,0.0025
2012-08-13,-0.0027
2012-08-14,0.0013
2012-08-15,0.0032
2012-08-16,-0.0171
2012-08-17,-0.0073
2012-08-20,0.0013
2012-08-21,-0.0091
2012-08-22,-0.0007000000000000001
2012-08-23,0.0018
2012-08-24,0.0059
2012-08-27,-0.0017000000000000001
2012-08-28,-0.0014000000000000002
2012-08-29,0.0060999999999999995
2012-08-30,0.0051
2012-08-31,-0.0067
2012-09-03,0.0029
2012-09-04,-0.0043
2012-09-05,0.0028000000000000004
2012-09-06,-0.0073
2012-09-07,-0.0127
2012-09-10,-0.0075
2012-09-11,-0.0046
2012-09-12,-0.008
2012-09-13,0.0054
2012-09-14,-0.0109
2012-09-17,0.0004
2012-09-18,0.0064
2012-09-19,0.0
2012-09-20,0.0088
2012-09-21,-0.0026
2012-09-24,0.0037
2012-09-25,0.0042
2012-09-26,0.015
2012-09-27,-0.0025
2012-09-28,0.0083
2012-10-01,-0.0015
2012-10-02,-0.0011
2012-10-03,-0.0009
2012-10-04,0.0034999999999999996
2012-10-05,-0.0027
2012-10-08,0.0028000000000000004
2012-10-09,0.0011
2012-10-10,0.0
2012-10-11,-0.0023
2012-10-12,0.0004
2012-10-15,0.0042
2012-10-16,-0.0043
2012-10-17,-0.0109
2012-10-18,-0.0001
2012-10-19,0.0054
2012-10-22,0.0006
2012-10-23,0.0015
2012-10-24,0.0005
2012-10-25,0.0096
2012-10-26,-0.0034000000000000002
2012-10-29,0.0048
2012-10-30,-0.0028000000000000004
2012-10-31,0.0021
2012-11-01,0.0014000000000000002
2012-11-02,0.0034999999999999996
2012-11-05,0.0009
2012-11-06,0.0031
2012-11-07,0.0012
2012-11-08,0.0023
2012-11-09,0.0013
2012-11-12,0.0015
2012-11-13,0.004699999999999999
2012-11-14,0.0033
2012-11-15,-0.0002
2012-11-16,0.0021
2012-11-19,-0.0022
2012-11-20,0.0052
2012-11-21,-0.0011
2012-11-22,-0.0012
2012-11-23,0.0
2012-11-26,0.0021
2012-11-27,0.0058
2012-11-28,0.0016
2012-11-29,-0.0029
2012-11-30,0.0045000000000000005
2012-12-03,-0.0007000000000000001
2012-12-04,-0.0014000000000000002
2012-12-05,-0.0026
2012-12-06,0.006500000000000001
2012-12-07,0.0031
2012-12-10,-0.0006
2012-12-11,-0.0036
2012-12-12,-0.0044
2012-12-13,-0.0038
2012-12-14,-0.0001
2012-12-17,-0.0028000000000000004
2012-12-18,-0.0036
2012-12-19,0.0026
2012-12-20,-0.0015
2012-12-21,-0.0021
2012-12-24,0.0002
2012-12-25,0.0
2012-12-26,-0.0001
2012-12-27,0.0014000000000000002
2012-12-28,0.0019
2012-12-31,0.0005
2013-01-01,-0.0001
2013-01-02,-0.0009
2013-01-03,-0.0052
2013-01-04,-0.003
2013-01-07,-0.0042
2013-01-08,0.0022
2013-01-09,-0.005600000000000001
2013-01-10,-0.0026
2013-01-11,0.0017000000000000001
2013-01-14,-0.0002
2013-01-15,-0.0006
2013-01-16,0.0039000000000000003
2013-01-17,-0.0006
2013-01-18,0.0019
2013-01-21,-0.0038
2013-01-22,0.001
2013-01-23,-0.0007000000000000001
2013-01-24,0.0009
2013-01-25,0.0074
2013-01-28,0.0
2013-01-29,-0.0022
2013-01-30,0.006999999999999999
2013-01-31,0.0006
2013-02-01,0.0051
2013-02-04,0.004699999999999999
2013-02-05,0.0026
2013-02-06,-0.0001
2013-02-07,-0.0006
2013-02-08,0.0040999999999999995
2013-02-11,-0.0032
2013-02-12,0.0074
2013-02-13,0.0
2013-02-14,0.0036
2013-02-15,0.0038
2013-02-18,-0.0015
2013-02-19,0.0025
2013-02-20,0.0055000000000000005
2013-02-21,-0.0009
2013-02-22,-0.0008
2013-02-25,-0.0036
2013-02-26,0.0004
2013-02-27,0.0040999999999999995
2013-02-28,0.0042
2013-03-01,0.004699999999999999
2013-03-04,0.0016
2013-03-05,-0.0005
2013-03-06,-0.0025
2013-03-07,0.0027
2013-03-08,-0.0052
2013-03-11,-0.0013
2013-03-12,-0.0009
2013-03-13,0.0058
2013-03-14,0.0003
2013-03-15,-0.0023
2013-03-18,0.0019
2013-03-19,-0.0013
2013-03-20,0.0051
2013-03-21,-0.0039000000000000003
2013-03-22,0.0025
2013-03-25,0.0031
2013-03-26,0.0021
2013-03-27,-0.0015
2013-03-28,0.005600000000000001
2013-03-29,0.0
2013-04-01,-0.0001
2013-04-02,0.0055000000000000005
2013-04-03,0.0018
2013-04-04,-0.0068000000000000005
2013-04-05,-0.006
2013-04-08,0.0012
2013-04-09,-0.0029
2013-04-10,0.0083
2013-04-11,0.0066
2013-04-12,0.0018
2013-04-15,0.0078000000000000005
2013-04-16,-0.0008
2013-04-17,-0.0021
2013-04-18,0.0018
2013-04-19,0.0008
2013-04-22,0.0034999999999999996
2013-04-23,0.008199999999999999
2013-04-24,-0.0026
2013-04-25,-0.0022
2013-04-26,0.0007000000000000001
2013-04-29,0.0008
2013-04-30,0.0028000000000000004
2013-05-01,0.0005
2013-05-02,-0.0004
2013-05-03,-0.0051
2013-05-06,-0.0017000000000000001
2013-05-07,0.0017000000000000001
2013-05-08,0.0060999999999999995
2013-05-09,-0.0014000000000000002
2013-05-10,0.0017000000000000001
2013-05-13,-0.0005
2013-05-14,0.0034999999999999996
2013-05-15,0.0078000000000000005
2013-05-16,-0.0015
2013-05-17,-0.0018
2013-05-20,0.0031
2013-05-21,-0.0013
2013-05-22,0.0042
2013-05-23,-0.0017000000000000001
2013-05-24,-0.0077
2013-05-27,0.001
2013-05-28,0.004699999999999999
2013-05-29,-0.0058
2013-05-30,-0.0006
2013-05-31,0.0001
2013-06-03,-0.0022
2013-06-04,0.0034000000000000002
2013-06-05,-0.006999999999999999
2013-06-06,-0.004
2013-06-07,0.0063
2013-06-10,0.0012
2013-06-11,-0.0038
2013-06-12,-0.0003
2013-06-13,-0.0025
2013-06-14,0.0032
2013-06-17,0.0051
2013-06-18,0.0039000000000000003
2013-06-19,0.0034000000000000002
2013-06-20,-0.0054
2013-06-21,-0.0064
2013-06-24,-0.0027
2013-06-25,0.0068000000000000005
2013-06-26,0.010700000000000001
2013-06-27,0.0037
2013-06-28,-0.0008
2013-07-01,0.0060999999999999995
2013-07-02,-0.0021
2013-07-03,0.0003
2013-07-04,0.006999999999999999
2013-07-05,0.004
2013-07-08,0.0078000000000000005
2013-07-09,-0.0045000000000000005
2013-07-10,0.0037
2013-07-11,-0.0053
2013-07-12,0.0021
2013-07-15,0.0029
2013-07-16,-0.0039000000000000003
2013-07-17,-0.0015
2013-07-18,0.008199999999999999
2013-07-19,0.0015
2013-07-22,0.0017000000000000001
2013-07-23,-0.004699999999999999
2013-07-24,0.0031
2013-07-25,0.0044
2013-07-26,-0.0001
2013-07-29,0.0012
2013-07-30,0.0039000000000000003
2013-07-31,0.0013
2013-08-01,0.0028000000000000004
2013-08-02,0.0018
2013-08-05,0.0039000000000000003
2013-08-06,0.0040999999999999995
2013-08-07,-0.0034000000000000002
2013-08-08,-0.0014000000000000002
2013-08-09,-0.0060999999999999995
2013-08-12,-0.0032
2013-08-13,-0.0060999999999999995
2013-08-14,0.0004
2013-08-15,-0.0046
2013-08-16,-0.0014000000000000002
2013-08-19,0.0003
2013-08-20,-0.0015
2013-08-21,0.0016
2013-08-22,0.0029
2013-08-23,-0.0007000000000000001
2013-08-26,-0.0025
2013-08-27,-0.009899999999999999
2013-08-28,-0.0067
2013-08-29,0.0077
2013-08-30,-0.0028000000000000004
2013-09-02,0.0068000000000000005
2013-09-03,-0.0012
2013-09-04,-0.0022
2013-09-05,0.0031
2013-09-06,-0.0014000000000000002
2013-09-09,0.005
2013-09-10,0.005
2013-09-11,-0.0022
2013-09-12,-0.0032
2013-09-13,0.0015
2013-09-16,0.004
2013-09-17,-0.0017000000000000001
2013-09-18,0.0019
2013-09-19,-0.0021
2013-09-20,0.0025
2013-09-23,-0.0046
2013-09-24,0.0031
2013-09-25,0.0016
2013-09-26,-0.0034000000000000002
2013-09-27,0.0038
2013-09-30,0.0011
2013-10-01,0.0092
2013-10-02,-0.0001
2013-10-03,0.0004
2013-10-04,0.0009
2013-10-07,-0.0012
2013-10-08,-0.0017000000000000001
2013-10-09,-0.0039000000000000003
2013-10-10,0.0052
2013-10-11,0.0013
2013-10-14,0.0003
2013-10-15,0.0039000000000000003
2013-10-16,0.0028000000000000004
2013-10-17,0.0067
2013-10-18,0.002
2013-10-21,0.0008
2013-10-22,-0.0070999999999999995
2013-10-23,0.0016
2013-10-24,-0.0028000000000000004
2013-10-25,-0.0025
2013-10-28,-0.005600000000000001
2013-10-29,0.0017000000000000001
2013-10-30,0.0013
2013-10-31,0.0063
2013-11-01,0.0027
2013-11-04,-0.0013
2013-11-05,-0.0023
2013-11-06,0.0021
2013-11-07,-0.0002
2013-11-08,0.0018
2013-11-11,0.0044
2013-11-12,0.0016
2013-11-13,-0.0044
2013-11-14,0.0012
2013-11-15,-0.0036
2013-11-18,0.0034000000000000002
2013-11-19,-0.002
2013-11-20,-0.0033
2013-11-21,0.0055000000000000005
2013-11-22,0.0040999999999999995
2013-11-25,0.0034999999999999996
2013-11-26,0.006
2013-11-27,0.006
2013-11-28,-0.0008
2013-11-29,0.0005
2013-12-02,0.0060999999999999995
2013-12-03,-0.0037
2013-12-04,-0.0007000000000000001
2013-12-05,-0.003
2013-12-06,0.0021
2013-12-09,0.0042
2013-12-10,-0.0007000000000000001
2013-12-11,0.0053
2013-12-12,0.0006
2013-12-13,0.0024
2013-12-16,-0.0001
2013-12-17,0.0009
2013-12-18,0.0031
2013-12-19,0.001
2013-12-20,0.0028000000000000004
2013-12-23,-0.0004
2013-12-24,-0.0009
2013-12-25,0.0
2013-12-26,0.0005
2013-12-27,-0.0017000000000000001
2013-12-30,-0.0039000000000000003
2013-12-31,0.0004
2014-01-01,0.0
2014-01-02,0.0033
2014-01-03,0.0011
2014-01-06,0.004699999999999999
2014-01-07,0.0024
2014-01-08,0.0025
2014-01-09,0.0024
2014-01-10,-0.0018
2014-01-13,-0.0021
2014-01-14,0.002
2014-01-15,0.0033
2014-01-16,-0.005699999999999999
2014-01-17,0.0003
2014-01-20,-0.0015
2014-01-21,-0.0009
2014-01-22,-0.0008
2014-01-23,-0.0018
2014-01-24,-0.0063
2014-01-27,-0.004699999999999999
2014-01-28,0.0115
2014-01-29,0.0011
2014-01-30,0.005600000000000001
2014-01-31,0.0001
2014-02-03,-0.005699999999999999
2014-02-04,0.0049
2014-02-05,0.001
2014-02-06,0.005600000000000001
2014-02-07,0.0007000000000000001
2014-02-10,-0.0006
2014-02-11,0.0013
2014-02-12,0.0042
2014-02-13,0.0017000000000000001
2014-02-14,-0.0001
2014-02-17,-0.0016
2014-02-18,0.0007000000000000001
2014-02-19,-0.0017000000000000001
2014-02-20,0.0011
2014-02-21,0.0025
2014-02-24,0.0016
2014-02-25,0.0025
2014-02-26,-0.0009
2014-02-27,0.0003
2014-02-28,0.0034999999999999996
2014-03-03,-0.0072
2014-03-04,0.0062
2014-03-05,0.004699999999999999
2014-03-06,0.0007000000000000001
2014-03-07,0.0003
2014-03-10,0.0011
2014-03-11,0.0032
2014-03-12,-0.001
2014-03-13,-0.0034999999999999996
2014-03-14,-0.0068000000000000005
2014-03-17,0.012
2014-03-18,-0.0001
2014-03-19,0.0018
2014-03-20,-0.0009
2014-03-21,-0.0086
2014-03-24,-0.006999999999999999
2014-03-25,-0.0026
2014-03-26,0.0014000000000000002
2014-03-27,-0.0006
2014-03-28,0.0
2014-03-31,0.002
2014-04-01,0.0085
2014-04-02,-0.0014000000000000002
2014-04-03,0.0017000000000000001
2014-04-04,-0.0016
2014-04-07,-0.0073
2014-04-08,-0.015
2014-04-09,0.0013
2014-04-10,-0.0048
2014-04-11,-0.0060999999999999995
2014-04-14,-0.019
2014-04-15,-0.0051
2014-04-16,0.015300000000000001
2014-04-17,0.006999999999999999
2014-04-18,0.0
2014-04-21,-0.0001
2014-04-22,0.005699999999999999
2014-04-23,-0.0002
2014-04-24,-0.0033
2014-04-25,-0.0063
2014-04-28,-0.0053
2014-04-29,0.0014000000000000002
2014-04-30,-0.0004
2014-05-01,0.0011
2014-05-02,-0.0013
2014-05-05,0.0007000000000000001
2014-05-06,-0.0027
2014-05-07,-0.006
2014-05-08,0.0025
2014-05-09,-0.0058
2014-05-12,0.0018
2014-05-13,-0.0026
2014-05-14,-0.0029
2014-05-15,-0.0127
2014-05-16,-0.0008
2014-05-19,-0.0012
2014-05-20,0.009000000000000001
2014-05-21,0.0023
2014-05-22,-0.0007000000000000001
2014-05-23,0.0055000000000000005
2014-05-26,0.0072
2014-05-27,0.0017000000000000001
2014-05-28,0.0026
2014-05-29,-0.0032
2014-05-30,0.0014000000000000002
2014-06-02,0.0034000000000000002
2014-06-03,-0.0031
2014-06-04,0.0016
2014-06-05,0.0077
2014-06-06,0.0070999999999999995
2014-06-09,0.0004
2014-06-10,-0.0019
2014-06-11,-0.0044
2014-06-12,-0.0007000000000000001
2014-06-13,-0.0003
2014-06-16,-0.0039000000000000003
2014-06-17,0.0012
2014-06-18,0.0039000000000000003
2014-06-19,0.0018
2014-06-20,-0.0016
2014-06-23,0.0002
2014-06-24,-0.0013
2014-06-25,0.0016
2014-06-26,0.0008
2014-06-27,-0.0015
2014-06-30,-0.0037
2014-07-01,0.004
2014-07-02,0.0008
2014-07-03,0.0004
2014-07-04,-0.0040999999999999995
2014-07-07,-0.0006
2014-07-08,-0.005600000000000001
2014-07-09,-0.0006
2014-07-10,-0.0036
2014-07-11,0.0038
2014-07-14,0.0009
2014-07-15,-0.0031
2014-07-16,0.0023
2014-07-17,-0.0011
2014-07-18,-0.001
2014-07-21,-0.0021
2014-07-22,0.0043
2014-07-23,0.0012
2014-07-24,0.0044
2014-07-25,0.0003
2014-07-28,-0.0017000000000000001
2014-07-29,-0.0007000000000000001
2014-07-30,-0.0013
2014-07-31,-0.0001
2014-08-01,-0.0023
2014-08-04,0.003
2014-08-05,-0.0027
2014-08-06,-0.0069
2014-08-07,-0.0023
2014-08-08,-0.0034999999999999996
2014-08-11,0.0062
2014-08-12,0.0004
2014-08-13,0.0023
2014-08-14,-0.0012
2014-08-15,-0.0008
2014-08-18,0.0012
2014-08-19,0.0027
2014-08-20,0.0008
2014-08-21,0.005600000000000001
2014-08-22,-0.0011
2014-08-25,0.0018
2014-08-26,-0.0004
2014-08-27,0.0001
2014-08-28,0.0014000000000000002
2014-08-29,0.0017000000000000001
2014-09-01,0.0004
2014-09-02,0.0
2014-09-03,-0.002
2014-09-04,-0.0023
2014-09-05,0.0006
2014-09-08,-0.0021
2014-09-09,0.0004
2014-09-10,0.0014000000000000002
2014-09-11,0.0015
2014-09-12,0.0006
2014-09-15,0.0021
2014-09-16,-0.0004
2014-09-17,0.0033
2014-09-18,0.0032
2014-09-19,-0.0007000000000000001
2014-09-22,0.0028000000000000004
2014-09-23,0.0031
2014-09-24,-0.0017000000000000001
2014-09-25,0.0021
2014-09-26,0.0042
2014-09-29,0.0046
2014-09-30,0.0011
2014-10-01,0.0022
2014-10-02,-0.0016
2014-10-03,0.0039000000000000003
2014-10-06,-0.004
2014-10-07,-0.0023
2014-10-08,-0.0002
2014-10-09,-0.001
2014-10-10,0.001
2014-10-13,-0.001
2014-10-14,0.0016
2014-10-15,-0.0040999999999999995
2014-10-16,-0.0034999999999999996
2014-10-17,0.0060999999999999995
2014-10-20,0.004
2014-10-21,-0.0002
2014-10-22,0.0070999999999999995
2014-10-23,0.0038
2014-10-24,0.0017000000000000001
2014-10-27,0.0051
2014-10-28,0.0005
2014-10-29,-0.0006
2014-10-30,0.0052
2014-10-31,-0.0007000000000000001
2014-11-03,-0.003
2014-11-04,0.0064
2014-11-05,-0.0007000000000000001
2014-11-06,-0.0108
2014-11-07,-0.0007000000000000001
2014-11-10,-0.0014000000000000002
2014-11-11,0.0022
2014-11-12,0.0
2014-11-13,0.0031
2014-11-14,-0.0051
2014-11-17,0.0033
2014-11-18,-0.0023
2014-11-19,0.0028000000000000004
2014-11-20,0.0001
2014-11-21,-0.0052
2014-11-24,0.0017000000000000001
2014-11-25,0.0015
2014-11-26,0.0004
2014-11-27,0.0067
2014-11-28,0.0054
2014-12-01,0.0004
2014-12-02,-0.0021
2014-12-03,-0.0009
2014-12-04,0.0040999999999999995
2014-12-05,0.0013
2014-12-08,0.0044
2014-12-09,0.0032
2014-12-10,0.0086
2014-12-11,0.0026
2014-12-12,0.0032
2014-12-15,0.0034000000000000002
2014-12-16,-0.0043
2014-12-17,-0.0060999999999999995
2014-12-18,-0.0024
2014-12-19,-0.0004
2014-12-22,0.0014000000000000002
2014-12-23,-0.0054
2014-12-24,0.0004
2014-12-25,0.0001
2014-12-26,-0.0005
2014-12-29,0.0021
2014-12-30,0.0018
2014-12-31,-0.001
2015-01-01,0.0
2015-01-02,0.0
2015-01-05,0.0151
2015-01-06,-0.0008
2015-01-07,0.0005
2015-01-08,-0.0001
2015-01-09,0.004699999999999999
2015-01-12,0.0084
2015-01-13,-0.0021
2015-01-14,0.0053
2015-01-15,0.006999999999999999
2015-01-16,-0.006500000000000001
2015-01-19,0.0004
2015-01-20,-0.0026
2015-01-21,-0.006500000000000001
2015-01-22,-0.005699999999999999
2015-01-23,0.0088
2015-01-26,0.0001
2015-01-27,0.004699999999999999
2015-01-28,0.011200000000000002
2015-01-29,0.0029
2015-01-30,-0.0022
2015-02-02,-0.0132
2015-02-03,-0.0207
2015-02-04,0.0040999999999999995
2015-02-05,-0.0062
2015-02-06,-0.0001
2015-02-09,-0.0026
2015-02-10,0.0049
2015-02-11,0.0076
2015-02-12,-0.0089
2015-02-13,-0.0144
2015-02-16,-0.004
2015-02-17,0.0034000000000000002
2015-02-18,-0.006
2015-02-19,0.005600000000000001
2015-02-20,-0.0012
2015-02-23,0.0074
2015-02-24,-0.0059
2015-02-25,0.0025
2015-02-26,0.0023
2015-02-27,0.0
2015-03-02,0.0036
2015-03-03,-0.0015
2015-03-04,0.005699999999999999
2015-03-05,0.0011
2015-03-06,-0.0049
2015-03-09,-0.0018
2015-03-10,0.005
2015-03-11,0.0045000000000000005
2015-03-12,0.0026
2015-03-13,0.008100000000000001
2015-03-16,0.0055000000000000005
2015-03-17,-0.0037
2015-03-18,-0.0013
2015-03-19,0.0012
2015-03-20,-0.0083
2015-03-23,-0.0079
2015-03-24,-0.0008
2015-03-25,-0.004699999999999999
2015-03-26,-0.0014000000000000002
2015-03-27,0.0032
2015-03-30,0.0033
2015-03-31,0.0008
2015-04-01,-0.0013
2015-04-02,0.0007000000000000001
2015-04-03,-0.0003
2015-04-06,0.0002
2015-04-07,-0.0039000000000000003
2015-04-08,0.0006
2015-04-09,0.0024
2015-04-10,0.0045000000000000005
2015-04-13,-0.0006
2015-04-14,-0.0031
2015-04-15,-0.0078000000000000005
2015-04-16,-0.0019
2015-04-17,0.0
2015-04-20,0.0033
2015-04-21,0.011699999999999999
2015-04-22,-0.0021
2015-04-23,-0.006
2015-04-24,-0.0027
2015-04-27,-0.0016
2015-04-28,-0.0105
2015-04-29,-0.0052
2015-04-30,-0.0022
2015-05-01,0.0006
2015-05-04,0.0025
2015-05-05,-0.005600000000000001
2015-05-06,-0.0062
2015-05-07,0.0113
2015-05-08,0.0060999999999999995
2015-05-11,-0.0006
2015-05-12,-0.0039000000000000003
2015-05-13,0.0
2015-05-14,0.0007000000000000001
2015-05-15,0.0063
2015-05-18,0.0033
2015-05-19,0.009399999999999999
2015-05-20,0.0018
2015-05-21,-0.001
2015-05-22,0.0028000000000000004
2015-05-25,0.0031
2015-05-26,0.0044
2015-05-27,0.0013
2015-05-28,0.0043
2015-05-29,0.0004
2015-06-01,0.005600000000000001
2015-06-02,-0.008100000000000001
2015-06-03,-0.005
2015-06-04,0.0042
2015-06-05,-0.0009
2015-06-08,-0.0014000000000000002
2015-06-09,-0.0024
2015-06-10,-0.0007000000000000001
2015-06-11,0.0037
2015-06-12,0.0052
2015-06-15,-0.0018
2015-06-16,0.0059
2015-06-17,-0.0037
2015-06-18,0.0001
2015-06-19,0.0009
2015-06-22,0.001
2015-06-23,0.0008
2015-06-24,-0.0018
2015-06-25,0.0042
2015-06-26,0.0004
2015-06-29,0.0007000000000000001
2015-06-30,0.0054
2015-07-01,0.0055000000000000005
2015-07-02,-0.0054
2015-07-03,0.0026
2015-07-06,0.0052
2015-07-07,0.0021
2015-07-08,-0.0037
2015-07-09,0.0014000000000000002
2015-07-10,0.0024
2015-07-13,0.0062
2015-07-14,0.0003
2015-07-15,0.0038
2015-07-16,-0.0004
2015-07-17,0.0042
2015-07-20,0.0028000000000000004
2015-07-21,-0.005600000000000001
2015-07-22,0.0042
2015-07-23,0.0009
2015-07-24,0.0024
2015-07-27,-0.0043
2015-07-28,0.0029
2015-07-29,0.0023
2015-07-30,-0.0044
2015-07-31,0.0048
2015-08-03,0.0115
2015-08-04,0.0013
2015-08-05,-0.0026
2015-08-06,-0.0015
2015-08-07,-0.006999999999999999
2015-08-10,0.0018
2015-08-11,0.0028000000000000004
2015-08-12,-0.008199999999999999
2015-08-13,0.011699999999999999
2015-08-14,0.006999999999999999
2015-08-17,0.0012
2015-08-18,0.0068000000000000005
2015-08-19,0.0018
2015-08-20,-0.006999999999999999
2015-08-21,-0.0036
2015-08-24,0.0069
2015-08-25,0.0092
2015-08-26,-0.0011
2015-08-27,-0.0022
2015-08-28,-0.0068000000000000005
2015-08-31,0.0044
2015-09-01,-0.0001
2015-09-02,0.0062
2015-09-03,0.0008
2015-09-04,0.005699999999999999
2015-09-07,0.0022
2015-09-08,0.0013
2015-09-09,-0.002
2015-09-10,0.0095
2015-09-11,0.0
2015-09-14,0.0018
2015-09-15,-0.0029
2015-09-16,-0.0053
2015-09-17,0.0043
2015-09-18,0.0084
2015-09-21,0.0095
2015-09-22,0.0027
2015-09-23,0.0024
2015-09-24,0.0013
2015-09-25,0.0068000000000000005
2015-09-28,0.005
2015-09-29,-0.0129
2015-09-30,-0.0014000000000000002
2015-10-01,-0.0004
2015-10-02,-0.0077
2015-10-05,-0.010700000000000001
2015-10-06,-0.005699999999999999
2015-10-07,-0.0225
2015-10-08,-0.0063
2015-10-09,-0.013600000000000001
2015-10-12,0.003
2015-10-13,0.0078000000000000005
2015-10-14,-0.0038
2015-10-15,0.0070999999999999995
2015-10-16,0.0046
2015-10-19,0.0108
2015-10-20,0.0054
2015-10-21,0.002
2015-10-22,-0.0067
2015-10-23,0.0026
2015-10-26,0.0036
2015-10-27,0.0121
2015-10-28,-0.004699999999999999
2015-10-29,0.006
2015-10-30,-0.0004
2015-11-02,-0.0032
2015-11-03,-0.0086
2015-11-04,-0.0049
2015-11-05,0.0118
2015-11-06,0.0026
2015-11-09,-0.0015
2015-11-10,0.009300000000000001
2015-11-11,0.0048
2015-11-12,0.0087
2015-11-13,-0.002
2015-11-16,0.0026
2015-11-17,0.0004
2015-11-18,-0.0064
2015-11-19,-0.0008
2015-11-20,0.0031
2015-11-23,0.0036
2015-11-24,-0.006500000000000001
2015-11-25,0.0064
2015-11-26,-0.0032
2015-11-27,0.0039000000000000003
2015-11-30,0.0027
2015-12-01,0.0008
2015-12-02,0.0087
2015-12-03,0.0021
2015-12-04,0.0053
2015-12-07,0.0121
2015-12-08,0.0078000000000000005
2015-12-09,-0.0045000000000000005
2015-12-10,-0.0033
2015-12-11,0.0063
2015-12-14,0.0079
2015-12-15,-0.001
2015-12-16,-0.0019
2015-12-17,0.0051
2015-12-18,0.0002
2015-12-21,0.0001
2015-12-22,-0.0043
2015-12-23,-0.0115
2015-12-24,-0.001
2015-12-25,-0.0001
2015-12-28,0.0025
2015-12-29,0.0054
2015-12-30,0.0036
2015-12-31,-0.001
2016-01-01,-0.0002
2016-01-04,0.0006
2016-01-05,0.0006
2016-01-06,0.0072
2016-01-07,0.0054
2016-01-08,0.0058
2016-01-11,0.0034999999999999996
2016-01-12,0.0077
2016-01-13,-0.0026
2016-01-14,-0.0149
2016-01-15,0.0040999999999999995
2016-01-18,0.0039000000000000003
2016-01-19,0.0063
2016-01-20,0.005600000000000001
2016-01-21,-0.0087
2016-01-22,-0.0084
2016-01-25,0.0138
2016-01-26,-0.01
2016-01-27,0.0046
2016-01-28,-0.009300000000000001
2016-01-29,0.0039000000000000003
2016-02-01,0.009000000000000001
2016-02-02,0.0138
2016-02-03,-0.0013
2016-02-04,-0.023799999999999998
2016-02-05,-0.018600000000000002
2016-02-08,0.0013
2016-02-09,0.0155
2016-02-10,0.0088
2016-02-11,0.0073
2016-02-12,-0.019
2016-02-15,-0.0079
2016-02-16,0.0040999999999999995
2016-02-17,-0.015600000000000001
2016-02-18,0.0101
2016-02-19,0.0098
2016-02-22,-0.0116
2016-02-23,0.012
2016-02-24,0.0104
2016-02-25,-0.0016
2016-02-26,-0.0177
2016-02-29,-0.009000000000000001
2016-03-01,-0.0019
2016-03-02,-0.020499999999999997
2016-03-03,-0.0176
2016-03-04,-0.0139
2016-03-07,-0.0078000000000000005
2016-03-08,0.0098
2016-03-09,0.0086
2016-03-10,0.0063
2016-03-11,-0.0144
2016-03-14,-0.004699999999999999
2016-03-15,0.0128
2016-03-16,0.0021
2016-03-17,-0.0032
2016-03-18,-0.0078000000000000005
2016-03-21,0.0024
2016-03-22,0.0022
2016-03-23,0.0128
2016-03-24,0.0089
2016-03-25,0.0
2016-03-28,-0.0002
2016-03-29,0.008199999999999999
2016-03-30,-0.0077
2016-03-31,0.0044
2016-04-01,0.0076
2016-04-04,0.0015
2016-04-05,0.0132
2016-04-06,0.0011
2016-04-07,0.004
2016-04-08,-0.013999999999999999
2016-04-11,-0.0077
2016-04-12,-0.0032
2016-04-13,-0.023700000000000002
2016-04-14,-0.0037
2016-04-15,-0.0032
2016-04-18,-0.0012
2016-04-19,-0.0067
2016-04-20,-0.0127
2016-04-21,-0.0115
2016-04-22,-0.004
2016-04-25,0.011000000000000001
2016-04-26,-0.005600000000000001
2016-04-27,0.001
2016-04-28,-0.0034000000000000002
2016-04-29,0.0105
2016-05-02,0.0075
2016-05-03,0.0187
2016-05-04,0.005600000000000001
2016-05-05,0.0018
2016-05-06,0.0012
2016-05-09,0.0129
2016-05-10,-0.005699999999999999
2016-05-11,0.004
2016-05-12,0.0036
2016-05-13,0.0004
2016-05-16,-0.0025
2016-05-17,-0.003
2016-05-18,-0.0085
2016-05-19,0.0049
2016-05-20,0.0015
2016-05-23,0.0017000000000000001
2016-05-24,-0.0064
2016-05-25,-0.0131
2016-05-26,0.0028000000000000004
2016-05-27,0.0017000000000000001
2016-05-30,-0.0005
2016-05-31,0.0096
2016-06-01,0.0105
2016-06-02,-0.0040999999999999995
2016-06-03,0.0088
2016-06-06,-0.0016
2016-06-07,-0.0059
2016-06-08,0.001
2016-06-09,0.0051
2016-06-10,0.009300000000000001
2016-06-13,0.0060999999999999995
2016-06-14,0.0054
2016-06-15,-0.003
2016-06-16,0.004699999999999999
2016-06-17,-0.019
2016-06-20,-0.0064
2016-06-21,0.0008
2016-06-22,-0.0040999999999999995
2016-06-23,-0.0063
2016-06-24,0.045599999999999995
2016-06-27,0.0217
2016-06-28,-0.0037
2016-06-29,-0.0017000000000000001
2016-06-30,0.0042
2016-07-01,0.0007000000000000001
2016-07-04,0.0052
2016-07-05,0.0169
2016-07-06,0.0109
2016-07-07,-0.006
2016-07-08,-0.0131
2016-07-11,-0.0077
2016-07-12,-0.0191
2016-07-13,0.008199999999999999
2016-07-14,-0.008100000000000001
2016-07-15,0.0015
2016-07-18,0.0
2016-07-19,0.0070999999999999995
2016-07-20,-0.0018
2016-07-21,-0.0062
2016-07-22,0.0051
2016-07-25,0.0013
2016-07-26,0.0019
2016-07-27,-0.0141
2016-07-28,0.0109
2016-07-29,-0.0026
2016-08-01,0.0063
2016-08-02,0.0113
2016-08-03,-0.0064
2016-08-04,0.0016
2016-08-05,-0.0115
2016-08-08,-0.006
2016-08-09,-0.0001
2016-08-10,-0.0022
2016-08-11,0.0044
2016-08-12,-0.0032
2016-08-15,0.0017000000000000001
2016-08-16,0.0002
2016-08-17,0.0017000000000000001
2016-08-18,-0.001
2016-08-19,0.0045000000000000005
2016-08-22,-0.0028000000000000004
2016-08-23,-0.01
2016-08-24,-0.0085
2016-08-25,0.0054
2016-08-26,-0.0003
2016-08-29,0.0029
2016-08-30,-0.0052
2016-08-31,-0.0072
2016-09-01,-0.004
2016-09-02,0.0003
2016-09-05,0.0025
2016-09-06,0.003
2016-09-07,0.0028000000000000004
2016-09-08,-0.0105
2016-09-09,-0.0068000000000000005
2016-09-12,0.0067
2016-09-13,0.0044
2016-09-14,0.0048
2016-09-15,0.0033
2016-09-16,0.0048
2016-09-19,0.0029
2016-09-20,0.0044
2016-09-21,-0.0037
2016-09-22,0.0019
2016-09-23,0.0055000000000000005
2016-09-26,0.0088
2016-09-27,0.0042
2016-09-28,-0.0015
2016-09-29,-0.0015
2016-09-30,0.0021
2016-10-03,0.0009
2016-10-04,-0.002
2016-10-05,-0.006500000000000001
2016-10-06,0.0009
2016-10-07,0.0053
2016-10-10,0.0027
2016-10-11,-0.0042
2016-10-12,0.0006
2016-10-13,0.008100000000000001
2016-10-14,-0.0038
2016-10-17,0.003
2016-10-18,-0.005600000000000001
2016-10-19,0.0009
2016-10-20,-0.006
2016-10-21,0.0008
2016-10-24,-0.0045000000000000005
2016-10-25,0.002
2016-10-26,-0.0068000000000000005
2016-10-27,-0.0058
2016-10-28,0.0026
2016-10-31,0.0053
2016-11-01,-0.0013
2016-11-02,0.0034999999999999996
2016-11-03,-0.0124
2016-11-04,0.0029
2016-11-07,-0.0003
2016-11-08,0.0025
2016-11-09,-0.0043
2016-11-10,-0.013500000000000002
2016-11-11,-0.0085
2016-11-14,-0.0048
2016-11-15,0.0046
2016-11-16,0.006
2016-11-17,0.0
2016-11-18,0.0027
2016-11-21,0.0075
2016-11-22,0.0026
2016-11-23,0.0017000000000000001
2016-11-24,0.0014000000000000002
2016-11-25,-0.0023
2016-11-28,0.0052
2016-11-29,-0.0066
2016-11-30,0.0022
2016-12-01,0.0006
2016-12-02,-0.0008
2016-12-05,0.0039000000000000003
2016-12-06,-0.009399999999999999
2016-12-07,-0.0021
2016-12-08,-0.0042
2016-12-09,-0.0029
2016-12-12,0.0054
2016-12-13,-0.0085
2016-12-14,0.0009
2016-12-15,-0.0075
2016-12-16,-0.0016
2016-12-19,-0.0013
2016-12-20,-0.0017000000000000001
2016-12-21,0.0024
2016-12-22,0.0012
2016-12-23,-0.001
2016-12-26,0.0001
2016-12-27,0.0005
2016-12-28,0.0052
2016-12-29,-0.0002
2016-12-30,-0.0008
2017-01-02,0.0001
2017-01-03,0.0013
2017-01-04,-0.0036
2017-01-05,-0.0037
2017-01-06,0.0012
2017-01-09,0.0015
2017-01-10,0.004699999999999999
2017-01-11,0.0034999999999999996
2017-01-12,0.0054
2017-01-13,0.0018
2017-01-16,0.003
2017-01-17,-0.0070999999999999995
2017-01-18,0.0037
2017-01-19,0.0
2017-01-20,0.0036
2017-01-23,0.0001
2017-01-24,0.0088
2017-01-25,0.0037
2017-01-26,0.0015
2017-01-27,-0.0009
2017-01-30,-0.0051
2017-01-31,-0.0015
2017-02-01,0.0037
2017-02-02,0.0023
2017-02-03,-0.0006
2017-02-06,-0.0009
2017-02-07,-0.0053
2017-02-08,-0.0109
2017-02-09,0.002
2017-02-10,0.0039000000000000003
2017-02-13,0.0040999999999999995
2017-02-14,0.0017000000000000001
2017-02-15,0.0009
2017-02-16,-0.0021
2017-02-17,-0.0085
2017-02-20,0.0015
2017-02-21,-0.0002
2017-02-22,-0.0043
2017-02-23,-0.0042
2017-02-24,-0.0060999999999999995
2017-02-27,0.0016
2017-02-28,0.0
2017-03-01,0.0078000000000000005
2017-03-02,-0.0027
2017-03-03,0.0011
2017-03-06,-0.0031
2017-03-07,0.003
2017-03-08,0.0023
2017-03-09,-0.0075
2017-03-10,0.0017000000000000001
2017-03-13,0.0024
2017-03-14,0.0001
2017-03-15,0.0046
2017-03-16,-0.0004
2017-03-17,-0.0038
2017-03-20,-0.0006
2017-03-21,-0.0038
2017-03-22,0.0015
2017-03-23,-0.0016
2017-03-24,0.0013
2017-03-27,-0.0069
2017-03-28,0.006500000000000001
2017-03-29,0.0016
2017-03-30,0.0009
2017-03-31,-0.005
2017-04-03,0.0
2017-04-04,0.0036
2017-04-05,0.0009
2017-04-06,0.0007000000000000001
2017-04-07,0.001
2017-04-10,-0.0016
2017-04-11,-0.0034999999999999996
2017-04-12,-0.0040999999999999995
2017-04-13,-0.003
2017-04-14,-0.0004
2017-04-17,0.0
2017-04-18,-0.0068000000000000005
2017-04-19,0.001
2017-04-20,0.0037
2017-04-21,0.0018
2017-04-24,0.01
2017-04-25,0.0049
2017-04-26,0.0008
2017-04-27,-0.0044
2017-04-28,0.0034999999999999996
2017-05-01,0.0012
2017-05-02,-0.0014000000000000002
2017-05-03,-0.0025
2017-05-04,-0.0011
2017-05-05,0.0006
2017-05-08,-0.0068000000000000005
2017-05-09,-0.0002
2017-05-10,0.0008
2017-05-11,0.004
2017-05-12,-0.0051
2017-05-15,0.006
2017-05-16,0.0018
2017-05-17,-0.006
2017-05-18,-0.0014000000000000002
2017-05-19,0.0031
2017-05-22,-0.003
2017-05-23,0.0033
2017-05-24,0.001
2017-05-25,0.0009
2017-05-26,0.0024
2017-05-29,0.0009
2017-05-30,0.0012
2017-05-31,-0.0027
2017-06-01,0.0019
2017-06-02,0.0043
2017-06-05,-0.0011
2017-06-06,0.0015
2017-06-07,0.0038
2017-06-08,0.0021
2017-06-09,0.0084
2017-06-12,-0.008199999999999999
2017-06-13,0.0018
2017-06-14,-0.0042
2017-06-15,-0.0018
2017-06-16,0.0011
2017-06-19,0.005
2017-06-20,-0.0028000000000000004
2017-06-21,0.002
2017-06-22,-0.0028000000000000004
2017-06-23,-0.0011
2017-06-26,0.0006
2017-06-27,0.0039000000000000003
2017-06-28,0.0033
2017-06-29,0.0001
2017-06-30,0.0006
2017-07-03,0.005699999999999999
2017-07-04,-0.0038
2017-07-05,0.0034999999999999996
2017-07-06,0.0029
2017-07-07,0.001
2017-07-10,0.0038
2017-07-11,0.0051
2017-07-12,-0.003
2017-07-13,-0.0001
2017-07-14,-0.0028000000000000004
2017-07-17,-0.0012
2017-07-18,-0.0038
2017-07-19,0.0003
2017-07-20,-0.0005
2017-07-21,-0.0023
2017-07-24,0.0055000000000000005
2017-07-25,0.0066
2017-07-26,-0.0001
2017-07-27,-0.0009
2017-07-28,0.0004
2017-07-31,0.0034000000000000002
2017-08-01,0.002
2017-08-02,-0.0015
2017-08-03,0.0018
2017-08-04,0.0012
2017-08-07,0.0054
2017-08-08,0.0025
2017-08-09,-0.0062
2017-08-10,-0.0019
2017-08-11,-0.003
2017-08-14,0.005600000000000001
2017-08-15,0.0019
2017-08-16,0.0046
2017-08-17,-0.0023
2017-08-18,0.0038
2017-08-21,-0.0012
2017-08-22,0.0018
2017-08-23,0.0004
2017-08-24,0.0017000000000000001
2017-08-25,0.0018
2017-08-28,-0.0016
2017-08-29,-0.0034999999999999996
2017-08-30,0.0026
2017-08-31,0.0017000000000000001
2017-09-01,0.0036
2017-09-04,0.0001
2017-09-05,-0.0053
2017-09-06,-0.001
2017-09-07,-0.0016
2017-09-08,0.0005
2017-09-11,0.0060999999999999995
2017-09-12,0.0038
2017-09-13,-0.0009
2017-09-14,-0.0021
2017-09-15,-0.0042
2017-09-18,0.005699999999999999
2017-09-19,0.0025
2017-09-20,-0.0019
2017-09-21,0.0036
2017-09-22,0.0021
2017-09-25,-0.011200000000000002
2017-09-26,-0.0014000000000000002
2017-09-27,0.0060999999999999995
2017-09-28,0.0012
2017-09-29,0.0016
2017-10-02,0.0026
2017-10-03,0.0005
2017-10-04,-0.0007000000000000001
2017-10-05,0.0021
2017-10-06,-0.0022
2017-10-09,-0.0004
2017-10-10,0.0012
2017-10-11,0.0027
2017-10-12,0.0011
2017-10-13,0.0014000000000000002
2017-10-16,0.0006
2017-10-17,0.0005
2017-10-18,-0.0001
2017-10-19,-0.0025
2017-10-20,0.0031
2017-10-23,0.0015
2017-10-24,0.0052
2017-10-25,0.0063
2017-10-26,0.0022
2017-10-27,-0.0026
2017-10-30,0.0008
2017-10-31,0.0011
2017-11-01,0.0049
2017-11-02,0.0
2017-11-03,0.0017000000000000001
2017-11-06,-0.0023
2017-11-07,0.0015
2017-11-08,-0.0032
2017-11-09,-0.008100000000000001
2017-11-10,0.0045000000000000005
2017-11-13,-0.0004
2017-11-14,0.005699999999999999
2017-11-15,-0.0019
2017-11-16,0.0027
2017-11-17,-0.001
2017-11-20,0.0022
2017-11-21,0.0044
2017-11-22,-0.0042
2017-11-23,0.0029
2017-11-24,0.003
2017-11-27,-0.0001
2017-11-28,-0.0031
2017-11-29,-0.005699999999999999
2017-11-30,0.0025
2017-12-01,-0.0052
2017-12-04,0.0007000000000000001
2017-12-05,0.0007000000000000001
2017-12-06,-0.0004
2017-12-07,0.0015
2017-12-08,-0.0001
2017-12-11,-0.0025
2017-12-12,-0.004
2017-12-13,0.0
2017-12-14,-0.0009
2017-12-15,0.0022
2017-12-18,0.0034999999999999996
2017-12-19,0.0013
2017-12-20,-0.0012
2017-12-21,-0.0027
2017-12-22,-0.0014000000000000002
2017-12-25,0.0003
2017-12-26,-0.0001
2017-12-27,-0.0009
2017-12-28,-0.0004
2017-12-29,-0.0028000000000000004
2018-01-01,0.0001
2018-01-02,-0.0014000000000000002
2018-01-03,0.0039000000000000003
2018-01-04,0.0031
2018-01-05,0.0005
2018-01-08,0.0007000000000000001
2018-01-09,0.0003
2018-01-10,-0.0001
2018-01-11,-0.0001
2018-01-12,-0.0017000000000000001
2018-01-15,-0.0019
2018-01-16,0.0034999999999999996
2018-01-17,0.0048
2018-01-18,0.0024
2018-01-19,0.0064
2018-01-22,-0.0016
2018-01-23,-0.0019
2018-01-24,-0.004
2018-01-25,-0.0012
2018-01-26,0.004
2018-01-29,0.0022
2018-01-30,-0.0005
2018-01-31,0.0046
2018-02-01,0.0001
2018-02-02,-0.0049
2018-02-05,-0.002
2018-02-06,0.0018
2018-02-07,0.0070999999999999995
2018-02-08,-0.0128
2018-02-09,-0.0034000000000000002
2018-02-12,0.0034000000000000002
2018-02-13,0.0012
2018-02-14,0.0039000000000000003
2018-02-15,0.0034000000000000002
2018-02-16,-0.0005
2018-02-19,0.0
2018-02-20,0.0012
2018-02-21,0.0052
2018-02-22,-0.0001
2018-02-23,-0.0015
2018-02-26,0.0028000000000000004
2018-02-27,0.0001
2018-02-28,0.0006
2018-03-01,-0.0052
2018-03-02,-0.0045000000000000005
2018-03-05,-0.001
2018-03-06,0.0043
2018-03-07,0.0022
2018-03-08,-0.0011
2018-03-09,0.0003
2018-03-12,0.0022
2018-03-13,0.0025
2018-03-14,0.0002
2018-03-15,0.0046
2018-03-16,-0.0013
2018-03-19,0.0005
2018-03-20,0.0075
2018-03-21,0.0025
2018-03-22,-0.0045000000000000005
2018-03-23,-0.003
2018-03-26,0.0014000000000000002
2018-03-27,0.0002
2018-03-28,-0.0128
2018-03-29,0.0015
2018-03-30,0.0
2018-04-02,-0.0005
2018-04-03,0.0051
2018-04-04,-0.0060999999999999995
2018-04-05,0.0031
2018-04-06,-0.0027
2018-04-09,0.0015
2018-04-10,0.0058
2018-04-11,0.0
2018-04-12,0.0009
2018-04-13,-0.0012
2018-04-16,-0.0002
2018-04-17,0.0014000000000000002
2018-04-18,0.0029
2018-04-19,-0.0006
2018-04-20,-0.0038
2018-04-23,0.0019
2018-04-24,0.003
2018-04-25,-0.0067
2018-04-26,0.0021
2018-04-27,-0.0001
2018-04-30,-0.0037
2018-05-01,0.0006
2018-05-02,0.0074
2018-05-03,0.0011
2018-05-04,-0.0007000000000000001
2018-05-07,0.0014000000000000002
2018-05-08,-0.0032
2018-05-09,-0.0011
2018-05-10,0.0045000000000000005
2018-05-11,0.0023
2018-05-14,-0.0022
2018-05-15,0.0040999999999999995
2018-05-16,0.0022
2018-05-17,-0.0006
2018-05-18,-0.0016
2018-05-21,0.0032
2018-05-22,-0.0038
2018-05-23,-0.0067
2018-05-24,0.013600000000000001
2018-05-25,-0.018600000000000002
2018-05-28,0.0008
2018-05-29,0.0022
2018-05-30,0.0059
2018-05-31,0.0059
2018-06-01,-0.0004
2018-06-04,-0.0001
2018-06-05,0.0025
2018-06-06,0.0037
2018-06-07,-0.0009
2018-06-08,0.0011
2018-06-11,0.0005
2018-06-12,-0.0040999999999999995
2018-06-13,0.0033
2018-06-14,0.0008
2018-06-15,-0.0046
2018-06-18,0.0034000000000000002
2018-06-19,-0.0063
2018-06-20,-0.0027
2018-06-21,-0.0034000000000000002
2018-06-22,0.0025
2018-06-25,-0.0059
2018-06-26,0.005
2018-06-27,0.006999999999999999
2018-06-28,-0.0037
2018-06-29,0.0013
2018-07-02,-0.0025
2018-07-03,-0.0017000000000000001
2018-07-04,-0.005
2018-07-05,0.0025
2018-07-06,0.0003
2018-07-09,0.0029
2018-07-10,0.0072
2018-07-11,-0.0021
2018-07-12,0.003
2018-07-13,0.0043
2018-07-16,-0.0031
2018-07-17,0.0027
2018-07-18,0.0004
2018-07-19,-0.0024
2018-07-20,-0.0032
2018-07-23,-0.0016
2018-07-24,0.0003
2018-07-25,0.0006
2018-07-26,-0.0052
2018-07-27,-0.0034000000000000002
2018-07-30,-0.0039000000000000003
2018-07-31,-0.0001
2018-08-01,0.0005
2018-08-02,0.0040999999999999995
2018-08-03,-0.0003
2018-08-06,0.0037
2018-08-07,-0.0004
2018-08-08,-0.0032
2018-08-09,0.0034999999999999996
2018-08-10,0.004
2018-08-13,0.004699999999999999
2018-08-14,0.0005
2018-08-15,-0.003
2018-08-16,0.0019
2018-08-17,-0.0024
2018-08-20,0.0018
2018-08-21,-0.0025
2018-08-22,0.0019
2018-08-23,0.0032
2018-08-24,0.0015
2018-08-27,-0.001
2018-08-28,0.0024
2018-08-29,0.0028000000000000004
2018-08-30,0.005699999999999999
2018-08-31,0.0004
2018-09-03,0.0046
2018-09-04,-0.0023
2018-09-05,-0.0074
2018-09-06,-0.0015
2018-09-07,0.0034999999999999996
2018-09-10,-0.0018
2018-09-11,0.0092
2018-09-12,0.0028000000000000004
2018-09-13,-0.0049
2018-09-14,-0.0004
2018-09-17,-0.0044
2018-09-18,-0.0005
2018-09-19,-0.0046
2018-09-20,-0.0042
2018-09-21,0.0
2018-09-24,0.0054
2018-09-25,0.008100000000000001
2018-09-26,0.0012
2018-09-27,0.0004
2018-09-28,0.008
2018-10-01,0.0058
2018-10-02,0.0013
2018-10-03,-0.0021
2018-10-04,-0.0072
2018-10-05,-0.001
2018-10-08,-0.0053
2018-10-09,0.0011
2018-10-10,-0.0172
2018-10-11,-0.0024
2018-10-12,0.0048
2018-10-15,-0.0023
2018-10-16,0.0054
2018-10-17,0.0026
2018-10-18,0.005
2018-10-19,0.0078000000000000005
2018-10-22,-0.0019
2018-10-23,-0.0051
2018-10-24,0.0076
2018-10-25,-0.0014000000000000002
2018-10-26,-0.003
2018-10-29,-0.0063
2018-10-30,-0.0018
2018-10-31,0.009000000000000001
2018-11-01,-0.011399999999999999
2018-11-02,-0.0038
2018-11-05,0.0053
2018-11-06,0.001
2018-11-07,-0.0013
2018-11-08,0.0046
2018-11-09,0.0019
2018-11-12,0.0092
2018-11-13,-0.0079
2018-11-14,-0.003
2018-11-15,0.0028000000000000004
2018-11-16,0.0042
2018-11-19,-0.0043
2018-11-20,-0.0002
2018-11-21,-0.0054
2018-11-22,-0.0016
2018-11-23,-0.0052
2018-11-26,-0.008
2018-11-27,0.0008
2018-11-28,-0.0011
2018-11-29,0.0031
2018-11-30,0.004
2018-12-03,0.0014000000000000002
2018-12-04,0.0134
2018-12-05,-0.0034999999999999996
2018-12-06,0.0062
2018-12-07,0.01
2018-12-10,0.005600000000000001
2018-12-11,0.0006
2018-12-12,-0.0052
2018-12-13,0.0021
2018-12-14,0.0059
2018-12-17,0.0034999999999999996
2018-12-18,-0.005600000000000001
2018-12-19,0.0046
2018-12-20,0.005699999999999999
2018-12-21,-0.002
2018-12-24,0.0008
2018-12-25,0.0
2018-12-26,0.0
2018-12-27,-0.0029
2018-12-28,-0.0034000000000000002
2018-12-31,0.0008
2019-01-01,-0.0001
2019-01-02,0.0014000000000000002
2019-01-03,0.0043
2019-01-04,-0.0158
2019-01-07,-0.0060999999999999995
2019-01-08,-0.0058
2019-01-09,-0.0048
2019-01-10,-0.001
2019-01-11,0.0005
2019-01-14,0.0006
2019-01-15,0.0052
2019-01-16,-0.0096
2019-01-17,0.0046
2019-01-18,-0.0078000000000000005
2019-01-21,0.0021
2019-01-22,0.0033
2019-01-23,0.0021
2019-01-24,-0.0038
2019-01-25,-0.0124
2019-01-28,0.0040999999999999995
2019-01-29,0.0064
2019-01-30,-0.0025
2019-01-31,0.008100000000000001
2019-02-01,-0.0018
2019-02-04,0.004
2019-02-05,0.0002
2019-02-06,-0.0054
2019-02-07,0.014499999999999999
2019-02-08,0.011000000000000001
2019-02-11,-0.0037
2019-02-12,-0.0073
2019-02-13,-0.0036
2019-02-14,0.0051
2019-02-15,-0.0077
2019-02-18,-0.0023
2019-02-19,0.0026
2019-02-20,-0.0075
2019-02-21,0.0039000000000000003
2019-02-22,0.0021
2019-02-25,-0.0066
2019-02-26,0.0011
2019-02-27,-0.0016
2019-02-28,-0.0059
2019-03-01,-0.0054
2019-03-04,0.0009
2019-03-05,0.0067
2019-03-06,-0.0006
2019-03-07,0.015600000000000001
2019-03-08,0.0070999999999999995
2019-03-11,-0.0012
2019-03-12,0.0001
2019-03-13,0.0006
2019-03-14,0.0014000000000000002
2019-03-15,-0.0036
2019-03-18,-0.0034000000000000002
2019-03-19,-0.0034000000000000002
2019-03-20,0.0083
2019-03-21,0.0059
2019-03-22,0.0105
2019-03-25,0.0036
2019-03-26,0.0051
2019-03-27,-0.0044
2019-03-28,0.0066
2019-03-29,-0.0051
2019-04-01,-0.008199999999999999
2019-04-02,-0.0023
2019-04-03,-0.0076
2019-04-04,-0.005600000000000001
2019-04-05,-0.0002
2019-04-08,0.0023
2019-04-09,0.0003
2019-04-10,0.002
2019-04-11,-0.0067
2019-04-12,-0.011899999999999999
2019-04-15,-0.0040999999999999995
2019-04-16,-0.0046
2019-04-17,-0.011699999999999999
2019-04-18,0.0001
2019-04-19,-0.0002
2019-04-22,-0.0005
2019-04-23,0.0075
2019-04-24,0.0074
2019-04-25,0.0027
2019-04-26,0.0007000000000000001
2019-04-29,-0.0049
2019-04-30,0.0049
2019-05-01,-0.0006
2019-05-02,-0.001
2019-05-03,0.0039000000000000003
2019-05-06,0.0060999999999999995
2019-05-07,0.0121
2019-05-08,0.0005
2019-05-09,0.0067
2019-05-10,0.0011
2019-05-13,0.0124
2019-05-14,0.0034000000000000002
2019-05-15,0.0045000000000000005
2019-05-16,0.0049
2019-05-17,0.0034000000000000002
2019-05-20,0.005600000000000001
2019-05-21,-0.0016
2019-05-22,0.0073
2019-05-23,0.0089
2019-05-24,0.0040999999999999995
2019-05-27,-0.001
2019-05-28,0.0011
2019-05-29,0.0015
2019-05-30,0.0015
2019-05-31,0.0045000000000000005
2019-06-03,0.0063
2019-06-04,-0.0127
2019-06-05,0.0033
2019-06-06,0.0042
2019-06-07,0.001
2019-06-10,-0.0049
2019-06-11,-0.0034999999999999996
2019-06-12,0.0095
2019-06-13,0.0018
2019-06-14,0.0045000000000000005
2019-06-17,0.005600000000000001
2019-06-18,-0.0012
2019-06-19,-0.0078000000000000005
2019-06-20,0.0019
2019-06-21,-0.0015
2019-06-24,0.0083
2019-06-25,0.0034999999999999996
2019-06-26,-0.01
2019-06-27,-0.0074
2019-06-28,-0.0034999999999999996
2019-07-01,-0.0033
2019-07-02,0.008
2019-07-03,-0.0002
2019-07-04,-0.0039000000000000003
2019-07-05,-0.0054
2019-07-08,0.0053
2019-07-09,0.0077
2019-07-10,-0.0016
2019-07-11,0.0009
2019-07-12,-0.0023
2019-07-15,0.0021
2019-07-16,-0.0039000000000000003
2019-07-17,0.010700000000000001
2019-07-18,0.0036
2019-07-19,0.0014000000000000002
2019-07-22,0.0007000000000000001
2019-07-23,-0.0126
2019-07-24,-0.0024
2019-07-25,0.0015
2019-07-26,0.0029
2019-07-29,0.0034999999999999996
2019-07-30,0.0070999999999999995
2019-07-31,-0.0003
2019-08-01,0.0027
2019-08-02,0.0037
2019-08-05,-0.0003
2019-08-06,0.0032
2019-08-07,0.0039000000000000003
2019-08-08,0.0
2019-08-09,0.005
2019-08-12,0.0101
2019-08-13,-0.005600000000000001
2019-08-14,0.0104
2019-08-15,0.0068000000000000005
2019-08-16,-0.006500000000000001
2019-08-19,-0.0012
2019-08-20,0.0070999999999999995
2019-08-21,-0.0013
2019-08-22,-0.0092
2019-08-23,0.0055000000000000005
2019-08-26,-0.0017000000000000001
2019-08-27,0.0026
2019-08-28,0.0016
2019-08-29,-0.0023
2019-08-30,-0.0028000000000000004
2019-09-02,0.0037
2019-09-03,0.0037
2019-09-04,-0.006500000000000001
2019-09-05,-0.0182
2019-09-06,0.002
2019-09-09,-0.0209
2019-09-10,-0.0239
2019-09-11,-0.003
2019-09-12,0.0039000000000000003
2019-09-13,-0.018000000000000002
2019-09-16,-0.0036
2019-09-17,0.0174
2019-09-18,0.0052
2019-09-19,-0.0022
2019-09-20,0.0006
2019-09-23,0.0125
2019-09-24,0.011200000000000002
2019-09-25,-0.0018
2019-09-26,0.009000000000000001
2019-09-27,-0.0070999999999999995
2019-09-30,-0.0003
2019-10-01,0.0004
2019-10-02,0.0036
2019-10-03,0.006999999999999999
2019-10-04,0.0048
2019-10-07,0.0011
2019-10-08,0.0027
2019-10-09,0.0014000000000000002
2019-10-10,-0.0064
2019-10-11,-0.012
2019-10-14,0.0025
2019-10-15,-0.0034999999999999996
2019-10-16,-0.006
2019-10-17,-0.0009
2019-10-18,-0.0012
2019-10-21,-0.0111
2019-10-22,0.0034999999999999996
2019-10-23,-0.0064
2019-10-24,0.0078000000000000005
2019-10-25,-0.0005
2019-10-28,-0.0008
2019-10-29,0.0023
2019-10-30,0.011399999999999999
2019-10-31,0.0025
2019-11-01,-0.0026
2019-11-04,-0.0088
2019-11-05,-0.0095
2019-11-06,0.0027
2019-11-07,-0.01
2019-11-08,0.0066
2019-11-11,0.0023
2019-11-12,0.0008
2019-11-13,0.0098
2019-11-14,0.0042
2019-11-15,0.0023
2019-11-18,0.005699999999999999
2019-11-19,-0.0017000000000000001
2019-11-20,0.0029
2019-11-21,-0.0022
2019-11-22,-0.0016
2019-11-25,0.003
2019-11-26,0.0077
2019-11-27,-0.0007000000000000001
2019-11-28,-0.001
2019-11-29,0.0017000000000000001
2019-12-02,-0.0043
2019-12-03,0.0034000000000000002
2019-12-04,0.0038
2019-12-05,0.0019
2019-12-06,0.001
2019-12-09,-0.0001
2019-12-10,0.0005
2019-12-11,0.0014000000000000002
2019-12-12,-0.004699999999999999
2019-12-13,0.0036
2019-12-16,0.0015
2019-12-17,-0.0006
2019-12-18,-0.0005
2019-12-19,0.002
2019-12-20,0.005
2019-12-23,0.0011
2019-12-24,0.0011
2019-12-25,0.0
2019-12-26,-0.0001
2019-12-27,0.0025
2019-12-30,-0.0032
2019-12-31,0.0008
2020-01-01,0.0001
2020-01-02,-0.0011
2020-01-03,0.0006
2020-01-06,-0.0027
2020-01-07,0.0021
2020-01-08,0.0013
2020-01-09,0.0055000000000000005
2020-01-10,-0.001
2020-01-13,0.0032
2020-01-14,0.0049
2020-01-15,0.0044
2020-01-16,-0.0011
2020-01-17,0.004
2020-01-20,0.0003
2020-01-21,0.006
2020-01-22,0.0049
2020-01-23,0.0013
2020-01-24,0.006
2020-01-27,-0.0038
2020-01-28,-0.0001
2020-01-29,0.0034999999999999996
2020-01-30,0.0017000000000000001
2020-01-31,0.0011
2020-02-03,0.0052
2020-02-04,0.0037
2020-02-05,-0.002
2020-02-06,-0.002
2020-02-07,0.0025
2020-02-10,0.0048
2020-02-11,0.0029
2020-02-12,-0.0034000000000000002
2020-02-13,0.0077
2020-02-14,0.0022
2020-02-17,0.0001
2020-02-18,0.0058
2020-02-19,0.0069
2020-02-20,-0.0036
2020-02-21,0.0042
2020-02-24,-0.0063
2020-02-25,0.0008
2020-02-26,0.0006
2020-02-27,-0.0028000000000000004
2020-02-28,-0.0051
2020-03-02,0.0106
2020-03-03,0.02
2020-03-04,0.006
2020-03-05,0.0049
2020-03-06,-0.0049
2020-03-09,0.0189
2020-03-10,-0.0014000000000000002
2020-03-11,-0.0029
2020-03-12,0.0027
2020-03-13,-0.0003
2020-03-16,-0.006999999999999999
2020-03-17,-0.008
2020-03-18,-0.004699999999999999
2020-03-19,0.004699999999999999
2020-03-20,-0.0078000000000000005
2020-03-23,-0.0070999999999999995
2020-03-24,-0.0118
2020-03-25,-0.0042
2020-03-26,0.0092
2020-03-27,0.014499999999999999
2020-03-30,0.013300000000000001
2020-03-31,-0.0059
2020-04-01,0.0054
2020-04-02,-0.009399999999999999
2020-04-03,0.013600000000000001
2020-04-06,-0.0165
2020-04-07,-0.019799999999999998
2020-04-08,0.001
2020-04-09,-0.009399999999999999
2020-04-10,-0.0002
2020-04-13,-0.0007000000000000001
2020-04-14,0.0209
2020-04-15,0.0356
2020-04-16,0.015
2020-04-17,-0.0213
2020-04-20,0.0109
2020-04-21,0.023399999999999997
2020-04-22,-0.005600000000000001
2020-04-23,-0.013999999999999999
2020-04-24,0.012199999999999999
2020-04-27,-0.0108
2020-04-28,-0.0208
2020-04-29,-0.0425
2020-04-30,0.015600000000000001
2020-05-01,0.0077
2020-05-04,0.0176
2020-05-05,-0.0032
2020-05-06,0.013600000000000001
2020-05-07,-0.0037
2020-05-08,-0.0044
2020-05-11,0.011899999999999999
2020-05-12,0.012199999999999999
2020-05-13,0.0218
2020-05-14,-0.0025
2020-05-15,0.0013
2020-05-18,-0.0287
2020-05-19,0.0068000000000000005
2020-05-20,0.0033
2020-05-21,0.0052
2020-05-22,0.005699999999999999
2020-05-25,-0.0062
2020-05-26,-0.037000000000000005
2020-05-27,-0.0388
2020-05-28,0.0074
2020-05-29,0.027000000000000003
2020-06-01,-0.0146
2020-06-02,-0.023799999999999998
2020-06-03,-0.0294
2020-06-04,-0.005
2020-06-05,-0.0432
2020-06-08,-0.0222
2020-06-09,0.0254
2020-06-10,0.0231
2020-06-11,0.0366
2020-06-12,-0.0088
2020-06-15,0.0066
2020-06-16,-0.0105
2020-06-17,0.0192
2020-06-18,0.004
2020-06-19,0.0073
2020-06-22,0.0079
2020-06-23,-0.0038
2020-06-24,0.015700000000000002
2020-06-25,0.004699999999999999
2020-06-26,0.0076
2020-06-29,-0.009300000000000001
2020-06-30,0.0062
2020-07-01,0.008
2020-07-02,-0.006500000000000001
2020-07-03,0.0072
2020-07-06,-0.0036
2020-07-07,0.0060999999999999995
2020-07-08,0.011200000000000002
2020-07-09,0.011399999999999999
2020-07-10,-0.0066
2020-07-13,-0.005
2020-07-14,-0.0033
2020-07-15,-0.005
2020-07-16,0.0028000000000000004
2020-07-17,0.0098
2020-07-20,0.0125
2020-07-21,-0.0121
2020-07-22,0.011000000000000001
2020-07-23,0.0032
2020-07-24,-0.0060999999999999995
2020-07-27,0.018600000000000002
2020-07-28,-0.006
2020-07-29,0.0013
2020-07-30,0.006500000000000001
2020-07-31,0.0077
2020-08-03,0.0062
2020-08-04,-0.0163
2020-08-05,-0.0083
2020-08-06,0.008
2020-08-07,0.0088
2020-08-10,-0.013600000000000001
2020-08-11,-0.019
2020-08-12,0.0032
2020-08-13,0.0095
2020-08-14,0.0001
2020-08-17,0.0163
2020-08-18,0.0038
2020-08-19,0.0015
2020-08-20,0.006500000000000001
2020-08-21,0.0034999999999999996
2020-08-24,-0.0083
2020-08-25,0.0037
2020-08-26,0.006
2020-08-27,-0.0072
2020-08-28,-0.0042
2020-08-31,0.0111
2020-09-01,0.0091
2020-09-02,0.0017000000000000001
2020-09-03,-0.0246
2020-09-04,-0.0125
2020-09-07,0.006
2020-09-08,0.0008
2020-09-09,0.009399999999999999
2020-09-10,-0.003
2020-09-11,0.0062
2020-09-14,0.0009
2020-09-15,0.0054
2020-09-16,-0.0016
2020-09-17,0.0029
2020-09-18,0.022000000000000002
2020-09-21,0.0159
2020-09-22,0.005600000000000001
2020-09-23,0.0038
2020-09-24,0.0034999999999999996
2020-09-25,0.0049
2020-09-28,-0.0106
2020-09-29,0.015300000000000001
2020-09-30,-0.0046
2020-10-01,0.0106
2020-10-02,-0.0032
2020-10-05,-0.0060999999999999995
2020-10-06,-0.0218
2020-10-07,0.0083
2020-10-08,-0.009399999999999999
2020-10-09,0.0064
2020-10-12,0.013600000000000001
2020-10-13,0.015600000000000001
2020-10-14,0.0024
2020-10-15,0.0017000000000000001
2020-10-16,0.001
2020-10-19,-0.0075
2020-10-20,-0.006999999999999999
2020-10-21,0.0016
2020-10-22,-0.0060999999999999995
2020-10-23,-0.0163
2020-10-26,0.0024
2020-10-27,0.022099999999999998
2020-10-28,0.0028000000000000004
2020-10-29,0.009899999999999999
2020-10-30,-0.0055000000000000005
2020-11-02,-0.005699999999999999
2020-11-03,-0.010700000000000001
2020-11-04,0.0155
2020-11-05,0.0077
2020-11-06,0.0058
2020-11-09,-0.10869999999999999
2020-11-10,-0.0519
2020-11-11,0.012
2020-11-12,0.0087
2020-11-13,-0.0078000000000000005
2020-11-16,-0.034300000000000004
2020-11-17,-0.0042
2020-11-18,-0.003
2020-11-19,0.0139
2020-11-20,0.004699999999999999
2020-11-23,-0.0161
2020-11-24,-0.036699999999999997
2020-11-25,0.0083
2020-11-26,0.01
2020-11-27,0.0083
2020-11-30,0.0202
2020-12-01,-0.0181
2020-12-02,-0.0064
2020-12-03,-0.01
2020-12-04,-0.009899999999999999
2020-12-07,0.009399999999999999
2020-12-08,0.0088
2020-12-09,-0.0049
2020-12-10,0.0055000000000000005
2020-12-11,0.013000000000000001
2020-12-14,0.0008
2020-12-15,-0.0062
2020-12-16,0.0034999999999999996
2020-12-17,0.0038
2020-12-18,0.0113
2020-12-21,0.017
2020-12-22,0.0014000000000000002
2020-12-23,-0.0111
2020-12-24,-0.0021
2020-12-25,-0.0006
2020-12-28,0.006
2020-12-29,0.0013
2020-12-30,0.0008
2020-12-31,0.0039000000000000003
2021-01-01,-0.0001
2021-01-04,0.0169
2021-01-05,-0.0032
2021-01-06,-0.0191
2021-01-07,0.0040999999999999995
2021-01-08,0.0033
2021-01-11,0.003
2021-01-12,-0.004
2021-01-13,0.001
2021-01-14,-0.0007000000000000001
2021-01-15,-0.0074
2021-01-18,0.0052
2021-01-19,0.0031
2021-01-20,0.0043
2021-01-21,0.013600000000000001
2021-01-22,0.0083
2021-01-25,0.0076
2021-01-26,-0.006
2021-01-27,-0.0126
2021-01-28,0.004
2021-01-29,0.005600000000000001
2021-02-01,0.0106
2021-02-02,-0.0019
2021-02-03,0.0015
2021-02-04,-0.006500000000000001
2021-02-05,-0.0033
2021-02-08,0.0023
2021-02-09,-0.0014000000000000002
2021-02-10,0.0007000000000000001
2021-02-11,0.0118
2021-02-12,0.0028000000000000004
2021-02-15,-0.008199999999999999
2021-02-16,0.0044
2021-02-17,-0.0044
2021-02-18,-0.0009
2021-02-19,0.0087
2021-02-22,-0.0144
2021-02-23,-0.0231
2021-02-24,-0.0008
2021-02-25,0.0008
2021-02-26,-0.0027
2021-03-01,0.0049
2021-03-02,-0.0009
2021-03-03,-0.0046
2021-03-04,-0.0202
2021-03-05,-0.0083
2021-03-08,0.0006
2021-03-09,0.0115
2021-03-10,-0.0045000000000000005
2021-03-11,0.0129
2021-03-12,-0.008
2021-03-15,-0.0012
2021-03-16,0.0019
2021-03-17,-0.0039000000000000003
2021-03-18,0.004699999999999999
2021-03-19,-0.0023
2021-03-22,0.0023
2021-03-23,-0.0076
2021-03-24,0.002
2021-03-25,-0.0028000000000000004
2021-03-26,0.0106
2021-03-29,-0.0076
2021-03-30,0.0053
2021-03-31,0.0051
2021-04-01,0.005699999999999999
2021-04-02,-0.0001
2021-04-05,-0.001
2021-04-06,0.0053
2021-04-07,-0.0019
2021-04-08,-0.0031
2021-04-09,0.0015
2021-04-12,-0.0033
2021-04-13,0.0075
2021-04-14,0.0018
2021-04-15,0.0017000000000000001
2021-04-16,0.0085
2021-04-19,-0.0113
2021-04-20,-0.0084
2021-04-21,0.0001
2021-04-22,0.0045000000000000005
2021-04-23,0.0098
2021-04-26,0.0078000000000000005
2021-04-27,0.0034000000000000002
2021-04-28,-0.002
2021-04-29,-0.0045000000000000005
2021-04-30,-0.0046
2021-05-03,0.0011
2021-05-04,-0.0124
2021-05-05,0.0121
2021-05-06,-0.0069
2021-05-07,0.0074
2021-05-10,-0.0034999999999999996
2021-05-11,-0.0074
2021-05-12,-0.0088
2021-05-13,0.0006
2021-05-14,0.0040999999999999995
2021-05-17,-0.0044
2021-05-18,0.0070999999999999995
2021-05-19,-0.0063
2021-05-20,0.0072
2021-05-21,0.0006
2021-05-24,0.005699999999999999
2021-05-25,0.0068000000000000005
2021-05-26,0.001
2021-05-27,0.0095
2021-05-28,0.0024
2021-05-31,0.0033
2021-06-01,0.0068000000000000005
2021-06-02,-0.0016
2021-06-03,-0.0023
2021-06-04,0.0003
2021-06-07,-0.001
2021-06-08,-0.0024
2021-06-09,-0.006500000000000001
2021-06-10,-0.0036
2021-06-11,0.0001
2021-06-14,-0.0012
2021-06-15,-0.0037
2021-06-16,-0.0039000000000000003
2021-06-17,-0.0018
2021-06-18,-0.0073
2021-06-21,0.006
2021-06-22,0.0040999999999999995
2021-06-23,0.0
2021-06-24,0.0034000000000000002
2021-06-25,0.0001
2021-06-28,-0.0055000000000000005
2021-06-29,0.0051
2021-06-30,-0.0026
2021-07-01,0.0006
2021-07-02,0.0025
2021-07-05,0.0052
2021-07-06,-0.0087
2021-07-07,-0.0009
2021-07-08,-0.0096
2021-07-09,0.012
2021-07-12,0.0017000000000000001
2021-07-13,-0.0007000000000000001
2021-07-14,0.0042
2021-07-15,-0.0009
2021-07-16,-0.01
2021-07-19,-0.0108
2021-07-20,0.0055000000000000005
2021-07-21,0.012199999999999999
2021-07-22,0.0060999999999999995
2021-07-23,0.0040999999999999995
2021-07-26,0.0104
2021-07-27,-0.0039000000000000003
2021-07-28,0.0039000000000000003
2021-07-29,0.0026
2021-07-30,-0.0014000000000000002
2021-08-02,0.0052
2021-08-03,0.004699999999999999
2021-08-04,0.005699999999999999
2021-08-05,-0.0014000000000000002
2021-08-06,-0.0009
2021-08-09,-0.0018
2021-08-10,0.0012
2021-08-11,-0.0001
2021-08-12,0.0013
2021-08-13,-0.0007000000000000001
2021-08-16,-0.0051
2021-08-17,-0.004
2021-08-18,-0.005600000000000001
2021-08-19,-0.014499999999999999
2021-08-20,0.0023
2021-08-23,0.0095
2021-08-24,-0.0013
2021-08-25,0.0062
2021-08-26,-0.0028000000000000004
2021-08-27,0.0049
2021-08-30,0.0034000000000000002
2021-08-31,-0.0043
2021-09-01,0.0008
2021-09-02,0.0038
2021-09-03,-0.0003
2021-09-06,0.0042
2021-09-07,0.0033
2021-09-08,-0.0043
2021-09-09,0.0084
2021-09-10,0.0055000000000000005
2021-09-13,-0.0007000000000000001
2021-09-14,-0.0003
2021-09-15,0.003
2021-09-16,0.0048
2021-09-17,-0.0036
2021-09-20,-0.0151
2021-09-21,0.005600000000000001
2021-09-22,0.006500000000000001
2021-09-23,0.005600000000000001
2021-09-24,-0.0038
2021-09-27,-0.0034999999999999996
2021-09-28,-0.009300000000000001
2021-09-29,0.0008
2021-09-30,0.0034999999999999996
2021-10-01,0.0
2021-10-04,-0.0064
2021-10-05,0.0151
2021-10-06,-0.0064
2021-10-07,0.0037
2021-10-08,-0.0022
2021-10-11,0.0012
2021-10-12,0.0034999999999999996
2021-10-13,0.0027
2021-10-14,0.0087
2021-10-15,0.004699999999999999
2021-10-18,0.0032
2021-10-19,-0.0004
2021-10-20,-0.005
2021-10-21,-0.0024
2021-10-22,0.0036
2021-10-25,0.0086
2021-10-26,-0.0031
2021-10-27,-0.004
2021-10-28,-0.0019
2021-10-29,0.0019
2021-11-01,0.0038
2021-11-02,0.0005
2021-11-03,0.0068000000000000005
2021-11-04,0.0026
2021-11-05,-0.006
2021-11-08,0.0083
2021-11-09,-0.0033
2021-11-10,-0.0072
2021-11-11,0.0097
2021-11-12,0.0008
2021-11-15,-0.001
2021-11-16,-0.0008
2021-11-17,0.0045000000000000005
2021-11-18,0.0054
2021-11-19,0.0023
2021-11-22,0.0002
2021-11-23,-0.012199999999999999
2021-11-24,-0.0004
2021-11-25,-0.0001
2021-11-26,-0.0024
2021-11-29,0.015
2021-11-30,0.0053
2021-12-01,0.0008
2021-12-02,-0.0060999999999999995
2021-12-03,-0.0001
2021-12-06,-0.0121
2021-12-07,0.013000000000000001
2021-12-08,0.0011
2021-12-09,0.0031
2021-12-10,-0.0006
2021-12-13,0.0045000000000000005
2021-12-14,-0.0096
2021-12-15,0.0105
2021-12-16,-0.0006
2021-12-17,-0.0147
2021-12-20,0.0022
2021-12-21,-0.0012
2021-12-22,0.005699999999999999
2021-12-23,-0.0019
2021-12-24,-0.0004
2021-12-27,0.004
2021-12-28,0.0027
2021-12-29,0.003
2021-12-30,-0.0019
2021-12-31,-0.0012
2022-01-03,-0.0079
2022-01-04,-0.0037
2022-01-05,0.0004
2022-01-06,-0.0069
2022-01-07,-0.0060999999999999995
2022-01-10,-0.0204
2022-01-11,-0.0018
2022-01-12,0.0095
2022-01-13,-0.0091
2022-01-14,-0.0083
2022-01-17,0.005600000000000001
2022-01-18,-0.004699999999999999
2022-01-19,0.0008
2022-01-20,-0.0037
2022-01-21,-0.0002
2022-01-24,-0.0049
2022-01-25,0.003
2022-01-26,0.0023
2022-01-27,-0.0012
2022-01-28,0.0022
2022-01-31,0.0026
2022-02-01,0.0040999999999999995
2022-02-02,0.0086
2022-02-03,-0.0026
2022-02-04,-0.0031
2022-02-07,0.0004
2022-02-08,-0.0019
2022-02-09,0.0025
2022-02-10,-0.0038
2022-02-11,0.0012
2022-02-14,-0.0034000000000000002
2022-02-15,-0.0002
2022-02-16,0.0
2022-02-17,0.0072
2022-02-18,0.0046
2022-02-21,0.0053
2022-02-22,0.0024
2022-02-23,0.0052
2022-02-24,-0.0054
2022-02-25,0.0032
2022-02-28,-0.0084
2022-03-01,0.012199999999999999
2022-03-02,0.0045000000000000005
2022-03-03,0.0085
2022-03-04,0.0005
2022-03-07,0.0013
2022-03-08,-0.0143
2022-03-09,-0.0034000000000000002
2022-03-10,0.0059
2022-03-11,-0.0006
2022-03-14,0.0024
2022-03-15,0.0076
2022-03-16,-0.005600000000000001
2022-03-17,0.008100000000000001
2022-03-18,0.0
2022-03-21,0.0106
2022-03-22,0.0025
2022-03-23,0.0091
2022-03-24,0.0006
2022-03-25,0.005
2022-03-28,-0.0017000000000000001
2022-03-29,-0.0218
2022-03-30,0.017
2022-03-31,0.008199999999999999
2022-04-01,-0.0016
2022-04-04,-0.0021
2022-04-05,0.01
2022-04-06,0.014199999999999999
2022-04-07,-0.0004
2022-04-08,0.0053
2022-04-11,0.0074
2022-04-12,-0.0002
2022-04-13,0.0036
2022-04-14,0.0018
2022-04-15,0.0002
2022-04-18,0.0003
2022-04-19,-0.004699999999999999
2022-04-20,-0.0016
2022-04-21,-0.0079
2022-04-22,0.0019
2022-04-25,-0.0084
2022-04-26,0.009899999999999999
2022-04-27,0.0074
2022-04-28,-0.004
2022-04-29,-0.0003
2022-05-02,-0.005
2022-05-03,-0.001
2022-05-04,-0.0013
2022-05-05,0.008100000000000001
2022-05-06,0.0013
2022-05-09,-0.0048
2022-05-10,-0.0014000000000000002
2022-05-11,-0.0031
2022-05-12,-0.0062
2022-05-13,-0.0058
2022-05-16,0.0096
2022-05-17,-0.0059
2022-05-18,0.0102
2022-05-19,-0.005699999999999999
2022-05-20,0.0005
2022-05-23,0.0001
2022-05-24,0.0143
2022-05-25,-0.001
2022-05-26,-0.0127
2022-05-27,-0.0132
2022-05-30,-0.0125
2022-05-31,0.0062
2022-06-01,0.0049
2022-06-02,-0.0043
2022-06-03,0.0060999999999999995
2022-06-06,-0.0052
2022-06-07,0.0079
2022-06-08,-0.0062
2022-06-09,0.0089
2022-06-10,0.008
2022-06-13,0.0161
2022-06-14,0.0089
2022-06-15,-0.0102
2022-06-16,0.0123
2022-06-17,-0.0143
2022-06-20,0.0024
2022-06-21,0.0021
2022-06-22,-0.0073
2022-06-23,-0.004
2022-06-24,-0.006500000000000001
2022-06-27,-0.0028000000000000004
2022-06-28,0.0062
2022-06-29,0.011399999999999999
2022-06-30,0.0025
2022-07-01,-0.014199999999999999
2022-07-04,0.0182
2022-07-05,-0.020099999999999996
2022-07-06,-0.0166
2022-07-07,0.0028000000000000004
2022-07-08,-0.0004
2022-07-11,0.011000000000000001
2022-07-12,-0.0025
2022-07-13,0.0043
2022-07-14,-0.0002
2022-07-15,-0.004
2022-07-18,-0.0051
2022-07-19,-0.0078000000000000005
2022-07-20,-0.012199999999999999
2022-07-21,-0.0139
2022-07-22,-0.0014000000000000002
2022-07-25,0.011000000000000001
2022-07-26,0.0212
2022-07-27,-0.004
2022-07-28,-0.0152
2022-07-29,-0.013999999999999999
2022-08-01,0.0003
2022-08-02,0.0155
2022-08-03,-0.018000000000000002
2022-08-04,-0.011200000000000002
2022-08-05,0.0103
2022-08-08,-0.0027
2022-08-09,0.024
2022-08-10,-0.024700000000000003
2022-08-11,-0.0040999999999999995
2022-08-12,-0.0033
2022-08-15,-0.0003
2022-08-16,0.0066
2022-08-17,0.0166
2022-08-18,0.0042
2022-08-19,0.0158
2022-08-22,0.0223
2022-08-23,0.006500000000000001
2022-08-24,-0.0014000000000000002
2022-08-25,0.0013
2022-08-26,0.0116
2022-08-29,0.0018
2022-08-30,-0.0101
2022-08-31,-0.0023
2022-09-01,0.0124
2022-09-02,-0.0060999999999999995
2022-09-05,0.0121
2022-09-06,-0.009899999999999999
2022-09-07,-0.0091
2022-09-08,0.003
2022-09-09,-0.0079
2022-09-12,-0.0101
2022-09-13,0.0219
2022-09-14,0.0067
2022-09-15,-0.001
2022-09-16,0.0029
2022-09-19,0.0004
2022-09-20,0.0111
2022-09-21,0.0055000000000000005
2022-09-22,0.0076
2022-09-23,-0.0012
2022-09-26,-0.0009
2022-09-27,0.011699999999999999
2022-09-28,-0.0069
2022-09-29,0.019799999999999998
2022-09-30,-0.0124
2022-10-03,-0.0003
2022-10-04,-0.0196
2022-10-05,0.0131
2022-10-06,-0.0053
2022-10-07,0.0239
2022-10-10,-0.0004
2022-10-11,0.0023
2022-10-12,0.006500000000000001
2022-10-13,-0.0098
2022-10-14,-0.003
2022-10-17,-0.0128
2022-10-18,-0.013300000000000001
2022-10-19,0.0139
2022-10-20,-0.0038
2022-10-21,0.004
2022-10-24,-0.0051
2022-10-25,-0.0222
2022-10-26,-0.0051
2022-10-27,0.005600000000000001
2022-10-28,0.0102
2022-10-31,0.0032
2022-11-01,-0.0062
2022-11-02,0.006999999999999999
2022-11-03,0.0149
2022-11-04,-0.016399999999999998
2022-11-07,-0.0147
2022-11-08,-0.0213
2022-11-09,0.004699999999999999
2022-11-10,-0.0437
2022-11-11,-0.0359
2022-11-14,0.0022
2022-11-15,0.0089
2022-11-16,0.0196
2022-11-17,0.0036
2022-11-18,-0.0038
2022-11-21,0.0084
2022-11-22,0.0113
2022-11-23,-0.0039000000000000003
2022-11-24,-0.011200000000000002
2022-11-25,0.0068000000000000005
2022-11-28,0.0060999999999999995
2022-11-29,0.011000000000000001
2022-11-30,-0.0005
2022-12-01,-0.0144
2022-12-02,-0.0075
2022-12-05,0.0045000000000000005
2022-12-06,0.0131
2022-12-07,0.0024
2022-12-08,0.0022
2022-12-09,-0.0075
2022-12-12,0.0032
2022-12-13,-0.0149
2022-12-14,0.0033
2022-12-15,0.0196
2022-12-16,0.0123
2022-12-19,0.006
2022-12-20,0.0105
2022-12-21,-0.0079
2022-12-22,0.0085
2022-12-23,-0.0054
2022-12-26,-0.0001
2022-12-27,0.0018
2022-12-28,-0.0013
2022-12-29,-0.008100000000000001
2022-12-30,-0.0003
2023-01-02,-0.008100000000000001
2023-01-03,-0.0116
2023-01-04,-0.0175
2023-01-05,-0.0026
2023-01-06,0.0025
2023-01-09,-0.0113
2023-01-10,0.0048
2023-01-11,-0.0078000000000000005
2023-01-12,-0.0072
2023-01-13,0.0001
2023-01-16,-0.0101
2023-01-17,0.005699999999999999
2023-01-18,0.0013
2023-01-19,0.0118
2023-01-20,-0.0037
2023-01-23,-0.0095
2023-01-24,-0.0017000000000000001
2023-01-25,0.001
2023-01-26,-0.004699999999999999
2023-01-27,-0.0042
2023-01-30,0.0051
2023-01-31,0.0029
2023-02-01,-0.010700000000000001
2023-02-02,-0.036699999999999997
2023-02-03,0.009899999999999999
2023-02-06,0.0087
2023-02-07,0.0067
2023-02-08,0.0045000000000000005
2023-02-09,0.0058
2023-02-10,0.0088
2023-02-13,0.0053
2023-02-14,0.0007000000000000001
2023-02-15,0.0009
2023-02-16,0.0
2023-02-17,0.0013
2023-02-20,-0.0040999999999999995
2023-02-21,0.0043
2023-02-22,0.0004
2023-02-23,0.0034999999999999996
2023-02-24,0.0029
2023-02-27,0.0004
2023-02-28,0.0049
2023-03-01,0.008
2023-03-02,-0.0008
2023-03-03,-0.0066
2023-03-06,0.0011
2023-03-07,0.0068000000000000005
2023-03-08,0.0040999999999999995
2023-03-09,0.0007000000000000001
2023-03-10,0.0006
2023-03-13,-0.015300000000000001
2023-03-14,0.0044
2023-03-15,-0.01
2023-03-16,0.0008
2023-03-17,-0.0006
2023-03-20,0.009300000000000001
2023-03-21,0.0092
2023-03-22,0.0046
2023-03-23,-0.0031
2023-03-24,-0.0025
2023-03-27,0.0046
2023-03-28,0.0072
2023-03-29,0.0007000000000000001
2023-03-30,-0.0052
2023-03-31,-0.0052
2023-04-03,0.0013
2023-04-04,0.0003
2023-04-05,-0.0022
2023-04-06,-0.0053
2023-04-07,0.0004
2023-04-10,0.0003
2023-04-11,-0.0005
2023-04-12,-0.0006
2023-04-13,0.0058
2023-04-14,0.0006
2023-04-17,-0.0040999999999999995
2023-04-18,0.004
2023-04-19,0.0023
2023-04-20,0.0039000000000000003
2023-04-21,0.0016
2023-04-24,-0.0015
2023-04-25,-0.0002
2023-04-26,-0.0013
2023-04-27,-0.0014000000000000002
2023-04-28,-0.0074
2023-05-01,0.0009
2023-05-02,0.0054
2023-05-03,0.0017000000000000001
2023-05-04,-0.004
2023-05-05,-0.003
2023-05-08,0.0031
2023-05-09,0.0052
2023-05-10,-0.0022
2023-05-11,0.005
2023-05-12,0.0031
2023-05-15,-0.004699999999999999
2023-05-16,0.0053
2023-05-17,0.0031
2023-05-18,0.0018
2023-05-19,-0.0008
2023-05-22,0.0058
2023-05-23,-0.012
2023-05-24,0.0017000000000000001
2023-05-25,0.0066
2023-05-26,0.0038
2023-05-29,-0.0015
2023-05-30,0.0002
2023-05-31,-0.001
2023-06-01,-0.0008
2023-06-02,-0.0054
2023-06-05,-0.0001
2023-06-06,-0.0033
2023-06-07,-0.005
2023-06-08,0.0019
2023-06-09,-0.0004
2023-06-12,0.0064
2023-06-13,0.0009
2023-06-14,0.0015
2023-06-15,-0.0015
2023-06-16,0.0028000000000000004
2023-06-19,0.0028000000000000004
2023-06-20,0.0006
2023-06-21,0.0055000000000000005
2023-06-22,-0.0023
2023-06-23,-0.0021
2023-06-26,0.002
2023-06-27,0.0024
2023-06-28,-0.0002
2023-06-29,0.0074
2023-06-30,0.0024
2023-07-03,-0.0062
2023-07-04,-0.0060999999999999995
2023-07-05,0.0015
2023-07-06,0.001
2023-07-07,0.0029
2023-07-10,0.0025
2023-07-11,-0.0009
2023-07-12,-0.0008
2023-07-13,-0.001
2023-07-14,0.0059
2023-07-17,-0.0005
2023-07-18,-0.0048
2023-07-19,-0.0137
2023-07-20,0.0025
2023-07-21,0.0026
2023-07-24,-0.0039000000000000003
2023-07-25,-0.0048
2023-07-26,-0.0049
2023-07-27,0.0113
2023-07-28,0.005
2023-07-31,0.002
2023-08-01,0.002
2023-08-02,0.0015
2023-08-03,-0.0027
2023-08-04,-0.0001
2023-08-07,0.0048
2023-08-08,-0.0002
2023-08-09,-0.0026
2023-08-10,0.0005
2023-08-11,-0.0024
2023-08-14,0.0012
2023-08-15,0.0034000000000000002
2023-08-16,0.0003
2023-08-17,0.0
2023-08-18,0.0005
2023-08-21,0.0055000000000000005
2023-08-22,0.0012
2023-08-23,-0.0038
2023-08-24,-0.0032
2023-08-25,0.0024
2023-08-28,0.0037
2023-08-29,-0.0024
2023-08-30,0.0009
2023-08-31,-0.0023
2023-09-01,-0.0012
2023-09-04,0.0014000000000000002
2023-09-05,0.0019
2023-09-06,0.0006
2023-09-07,-0.0019
2023-09-08,0.0003
2023-09-11,-0.0003
2023-09-12,0.0006
2023-09-13,-0.0038
2023-09-14,-0.003
2023-09-15,0.0005
2023-09-18,0.0019
2023-09-19,-0.0006
2023-09-20,-0.0028000000000000004
2023-09-21,0.0006
2023-09-22,-0.0004
2023-09-25,0.0013
2023-09-26,-0.0002
2023-09-27,0.003
2023-09-28,0.0044
2023-09-29,-0.0038
2023-10-02,0.0002
2023-10-03,0.001
2023-10-04,0.0028000000000000004
2023-10-05,-0.0031
2023-10-06,0.0062
2023-10-09,-0.0068000000000000005
2023-10-10,-0.0017000000000000001
2023-10-11,0.0049
2023-10-12,0.0058
2023-10-13,0.0006
2023-10-16,0.0003
2023-10-17,0.0042
2023-10-18,-0.0001
2023-10-19,-0.0004
2023-10-20,-0.0022
2023-10-23,0.0088
2023-10-24,-0.001
2023-10-25,0.0095
2023-10-26,-0.0036
2023-10-27,-0.0036
2023-10-30,0.0027
2023-10-31,-0.0036
2023-11-01,0.0044
2023-11-02,-0.0118
2023-11-03,-0.0167
2023-11-06,0.0044
2023-11-07,-0.0007000000000000001
2023-11-08,0.005699999999999999
2023-11-09,-0.006
2023-11-10,0.0091
2023-11-13,0.0015
2023-11-14,-0.0182
2023-11-15,-0.002
2023-11-16,0.0059
2023-11-17,-0.0001
2023-11-20,0.0025
2023-11-21,0.0064
2023-11-22,-0.0003
2023-11-23,0.0025
2023-11-24,0.0008
2023-11-27,0.0033
2023-11-28,0.002
2023-11-29,-0.0039000000000000003
2023-11-30,0.0023
2023-12-01,-0.0007000000000000001
2023-12-04,-0.0036
2023-12-05,-0.0003
2023-12-06,-0.0032
2023-12-07,-0.0042
2023-12-08,0.0018
2023-12-11,0.0044
2023-12-12,0.0049
2023-12-13,0.0013
2023-12-14,-0.0169
2023-12-15,0.0006
2023-12-18,-0.0011
2023-12-19,0.0003
2023-12-20,-0.0009
2023-12-21,-0.0014000000000000002
2023-12-22,0.0004
2023-12-25,0.0
2023-12-26,-0.0004
2023-12-27,-0.0033
2023-12-28,0.0004
2023-12-29,-0.0009
2024-01-01,0.0001
2024-01-02,0.0031
2024-01-03,0.003
2024-01-04,0.0028000000000000004
2024-01-05,0.0018
2024-01-08,0.0040999999999999995
2024-01-09,0.003
2024-01-10,0.0079
2024-01-11,0.0023
2024-01-12,0.0045000000000000005
2024-01-15,0.0015
2024-01-16,0.0039000000000000003
2024-01-17,0.0089
2024-01-18,0.0018
2024-01-19,0.0026
2024-01-22,0.0006
2024-01-23,-0.009000000000000001
2024-01-24,0.0017000000000000001
2024-01-25,0.0037
2024-01-26,-0.0183
2024-01-29,-0.0001
2024-01-30,0.0070999999999999995
2024-01-31,-0.0001
2024-02-01,0.0037
2024-02-02,0.0004
2024-02-05,0.004699999999999999
2024-02-06,-0.0026
2024-02-07,0.0045000000000000005
2024-02-08,-0.0067
2024-02-09,0.0031
2024-02-12,-0.0040999999999999995
2024-02-13,0.0037
2024-02-14,0.0034999999999999996
2024-02-15,-0.0060999999999999995
2024-02-16,0.0
2024-02-19,0.0038
2024-02-20,0.0038
2024-02-21,-0.0016
2024-02-22,0.0014000000000000002
2024-02-23,0.0018
2024-02-26,0.0062
2024-02-27,-0.0073
2024-02-28,0.0070999999999999995
2024-02-29,0.005
2024-03-01,0.0006
2024-03-04,0.009300000000000001
2024-03-05,0.0004
2024-03-06,-0.0026
2024-03-07,0.0036
2024-03-08,0.0004
2024-03-11,-0.0059
2024-03-12,0.0058
2024-03-13,0.001
2024-03-14,0.0069
2024-03-15,0.0040999999999999995
2024-03-18,0.0023
2024-03-19,0.0037
2024-03-20,0.0012
2024-03-21,0.003
2024-03-22,-0.0040999999999999995
2024-03-25,-0.0008
2024-03-26,-0.0024
2024-03-27,-0.0058
2024-03-28,-0.0024
2024-03-29,0.0001
2024-04-01,-0.0013
2024-04-02,-0.0004
2024-04-03,0.0019
2024-04-04,-0.006
2024-04-05,0.0079
2024-04-08,0.0005
2024-04-09,-0.0108
2024-04-10,0.0038
2024-04-11,-0.0011
2024-04-12,0.0013
2024-04-15,0.0058
2024-04-16,-0.0013
2024-04-17,0.0006
2024-04-18,0.0002
2024-04-19,-0.0045000000000000005
2024-04-22,-0.003
2024-04-23,0.0079
2024-04-24,0.0
2024-04-25,-0.0022
2024-04-26,0.0017000000000000001
2024-04-29,-0.0046
2024-04-30,-0.0006
2024-05-01,0.0001
2024-05-02,-0.0048
2024-05-03,-0.0039000000000000003
2024-05-06,0.004699999999999999
2024-05-07,0.0009
2024-05-08,-0.001
2024-05-09,-0.003
2024-05-10,-0.0014000000000000002
2024-05-13,-0.0002
2024-05-14,-0.0055000000000000005
2024-05-15,-0.0002
2024-05-16,-0.0040999999999999995
2024-05-17,0.0037
2024-05-20,0.0011
2024-05-21,0.0068000000000000005
2024-05-22,-0.0019
2024-05-23,0.0064
2024-05-24,0.0055000000000000005
2024-05-27,-0.0028000000000000004
2024-05-28,-0.0001
2024-05-29,0.0052
2024-05-30,-0.0039000000000000003
2024-05-31,0.0016
2024-06-03,-0.0036
2024-06-04,-0.0046
2024-06-05,0.004
2024-06-06,0.0013
2024-06-07,-0.0002
2024-06-10,0.0074
2024-06-11,-0.0016
2024-06-12,0.0060999999999999995
2024-06-13,-0.0025
2024-06-14,-0.0025
2024-06-17,0.0042
2024-06-18,0.0053
2024-06-19,0.0051
2024-06-20,0.003
2024-06-21,-0.0027
2024-06-24,-0.0023
2024-06-25,0.0005
2024-06-26,0.0037
2024-06-27,0.0073
2024-06-28,0.0032
2024-07-01,0.0015
2024-07-02,-0.0002
2024-07-03,-0.0012
2024-07-04,-0.0004
2024-07-05,-0.0029
2024-07-08,0.0055000000000000005
2024-07-09,0.003
2024-07-10,-0.0018
2024-07-11,-0.0052
2024-07-12,0.001
2024-07-15,0.0055000000000000005
2024-07-16,0.0055000000000000005
2024-07-17,-0.0169
2024-07-18,-0.01
2024-07-19,0.008
2024-07-22,0.0014000000000000002
2024-07-23,0.0083
2024-07-24,-0.004699999999999999
2024-07-25,-0.0072
2024-07-26,0.0013
2024-07-29,0.004699999999999999
2024-07-30,0.0034000000000000002
2024-07-31,0.001
2024-08-01,-0.0042
2024-08-02,-0.0163
2024-08-05,-0.0033
2024-08-06,0.005600000000000001
2024-08-07,0.0015
2024-08-08,0.0042
2024-08-09,0.0074
2024-08-12,0.0017000000000000001
2024-08-13,0.0031
2024-08-14,0.0024
2024-08-15,0.0026
2024-08-16,0.0025
2024-08-19,-0.0024
2024-08-20,0.0022
2024-08-21,-0.0012
2024-08-22,0.0033
2024-08-23,-0.0018
2024-08-26,-0.0033
2024-08-27,0.002
2024-08-28,0.0039000000000000003
2024-08-29,0.0014000000000000002
2024-08-30,0.0031
2024-09-02,-0.0001
2024-09-03,-0.0026
2024-09-04,0.0005
2024-09-05,-0.0051
2024-09-06,0.0013
2024-09-09,0.0048
2024-09-10,0.006
2024-09-11,0.0025
2024-09-12,0.008100000000000001
2024-09-13,-0.0014000000000000002
2024-09-16,0.0051
2024-09-17,-0.0062
2024-09-18,-0.0021
2024-09-19,0.005
2024-09-20,0.009000000000000001
2024-09-23,0.0016
2024-09-24,-0.009899999999999999
2024-09-25,0.0016
2024-09-26,-0.0108
2024-09-27,-0.013500000000000002
2024-09-30,0.0045000000000000005
2024-10-01,-0.0024
2024-10-02,-0.0005
2024-10-03,0.0008
2024-10-04,0.0
2024-10-07,-0.004
2024-10-08,0.013600000000000001
2024-10-09,0.0015
2024-10-10,-0.0024
2024-10-11,0.0060999999999999995
2024-10-14,0.0076
2024-10-15,0.0076
2024-10-16,0.004699999999999999
2024-10-17,0.0008
2024-10-18,-0.0072
2024-10-21,0.0001
2024-10-22,-0.002
2024-10-23,-0.0007000000000000001
2024-10-24,-0.0018
2024-10-25,-0.0001
2024-10-28,0.0046
2024-10-29,0.0037
2024-10-30,0.0022
2024-10-31,-0.0029
2024-11-01,0.0024
2024-11-04,-0.0011
2024-11-05,0.0048
2024-11-06,0.0058
2024-11-07,-0.0038
2024-11-08,0.0083
2024-11-11,0.0032
2024-11-12,0.0043
2024-11-13,0.0027
2024-11-14,-0.0064
2024-11-15,-0.0033
2024-11-18,0.0004
2024-11-19,0.0055000000000000005
2024-11-20,0.0040999999999999995
2024-11-21,0.0054
2024-11-22,0.0
2024-11-25,-0.0092
2024-11-26,0.0027
2024-11-27,0.0019
2024-11-28,-0.0009
2024-11-29,0.0005
2024-12-02,0.0040999999999999995
2024-12-03,0.004
2024-12-04,0.0
2024-12-05,0.0
2024-12-06,-0.0087
2024-12-09,-0.0169
2024-12-10,0.0003
2024-12-11,0.0043
2024-12-12,0.0012
2024-12-13,0.0036
2024-12-16,0.0083
2024-12-17,-0.004699999999999999
2024-12-18,0.001
2024-12-19,0.0034000000000000002
2024-12-20,-0.0012
2024-12-23,-0.0008
2024-12-24,0.0014000000000000002
2024-12-25,0.0001
2024-12-26,-0.0007000000000000001
2024-12-27,-0.0039000000000000003
2024-12-30,-0.001
2024-12-31,-0.0029
2025-01-01,0.0
2025-01-02,0.0011
2025-01-03,0.0084
2025-01-06,-0.0113
2025-01-07,-0.0044
2025-01-08,0.0092
2025-01-09,0.0015
2025-01-10,-0.0031
2025-01-13,-0.0032
2025-01-14,0.0052
2025-01-15,0.0042
2025-01-16,-0.0052
2025-01-17,0.001
2025-01-20,-0.0011
2025-01-21,0.0034000000000000002
2025-01-22,0.0068000000000000005
2025-01-23,0.0015
2025-01-24,-0.009399999999999999
2025-01-27,-0.0058
2025-01-28,-0.0008
2025-01-29,0.0104
2025-01-30,-0.003
2025-01-31,0.0031
2025-02-03,0.0072
2025-02-04,0.0014000000000000002
2025-02-05,0.0069
2025-02-06,-0.003
2025-02-07,0.0069
2025-02-10,0.0005
2025-02-11,0.0034000000000000002
2025-02-12,-0.0006
2025-02-13,-0.0096
2025-02-14,-0.0025
2025-02-17,0.006500000000000001
2025-02-18,0.0028000000000000004
2025-02-19,0.0016
2025-02-20,-0.0044
2025-02-21,-0.0079
2025-02-24,-0.0078000000000000005
2025-02-25,0.0013
2025-02-26,0.0034000000000000002
2025-02-27,0.0087
2025-02-28,0.0028000000000000004
2025-03-03,0.0014000000000000002
2025-03-04,0.0043
2025-03-05,-0.0102
2025-03-06,-0.0125
2025-03-07,0.0032
2025-03-10,-0.0116
2025-03-11,0.0044
2025-03-12,0.0129
2025-03-13,0.0023
2025-03-14,0.0053
2025-03-17,-0.0025
2025-03-18,-0.0006
2025-03-19,0.0049
2025-03-20,0.0003
2025-03-21,0.008100000000000001
2025-03-24,0.005
2025-03-25,0.0051
2025-03-26,0.0015
2025-03-27,0.0039000000000000003
2025-03-28,0.0005
2025-03-31,0.0043
2025-04-01,0.0044
2025-04-02,0.0006
2025-04-03,0.0016
2025-04-04,-0.018000000000000002
2025-04-07,-0.0012
2025-04-08,0.0070999999999999995
2025-04-09,0.0118
2025-04-10,0.0031
2025-04-11,-0.0037
2025-04-14,0.0044
2025-04-15,0.0126
2025-04-16,0.0027
2025-04-17,-0.0017000000000000001
2025-04-18,-0.0003
2025-04-21,-0.0008
2025-04-22,0.0011
2025-04-23,-0.0045000000000000005
2025-04-24,-0.0040999999999999995
2025-04-25,0.006999999999999999
2025-04-28,-0.0003
2025-04-29,0.0052
2025-04-30,0.0038
2025-05-01,-0.0023
2025-05-02,-0.0021
2025-05-05,0.0046
2025-05-06,0.0049
2025-05-07,0.0029
2025-05-08,-0.0070999999999999995
2025-05-09,-0.0079
2025-05-12,-0.0282
2025-05-13,-0.0092
2025-05-14,0.006500000000000001
2025-05-15,0.0124
2025-05-16,0.006
2025-05-19,0.0070999999999999995
2025-05-20,-0.0019
2025-05-21,0.0069
2025-05-22,0.009300000000000001
2025-05-23,0.0037
2025-05-26,-0.0036
2025-05-27,-0.0040999999999999995
2025-05-28,-0.0012
2025-05-29,-0.0021
2025-05-30,0.0045000000000000005
2025-06-02,0.008
2025-06-03,-0.0018
2025-06-04,-0.0052
2025-06-05,0.0055000000000000005
2025-06-06,-0.0032
2025-06-09,-0.0070999999999999995
2025-06-10,-0.0176
2025-06-11,0.0033
2025-06-12,0.0028000000000000004
2025-06-13,0.0012
2025-06-16,0.0048
2025-06-17,-0.0016
2025-06-18,0.0042
2025-06-19,-0.004
2025-06-20,0.0060999999999999995
2025-06-23,0.0022
2025-06-24,-0.0001
2025-06-25,0.0023
2025-06-26,0.0027
2025-06-27,-0.0074
2025-06-30,0.0111
2025-07-01,-0.0131
2025-07-02,-0.0121
2025-07-03,0.0068000000000000005
2025-07-04,0.0012
2025-07-07,0.0141
2025-07-08,-0.0036
2025-07-09,0.006
2025-07-10,-0.0128
2025-07-11,0.0096
2025-07-14,0.0073
2025-07-15,-0.0055000000000000005
2025-07-16,0.0075
2025-07-17,0.0002
2025-07-18,0.0007000000000000001
2025-07-21,0.0008
2025-07-22,-0.0039000000000000003
2025-07-23,-0.0105
2025-07-24,0.0026
2025-07-25,-0.0027
2025-07-28,-0.0043
2025-07-29,0.015700000000000002
2025-07-30,0.0066
2025-07-31,0.010700000000000001
2025-08-01,-0.0038
2025-08-04,0.011399999999999999
2025-08-05,-0.0008
2025-08-06,0.009899999999999999
2025-08-07,-0.0040999999999999995
2025-08-08,-0.0023
2025-08-11,0.0067
2025-08-12,-0.0007000000000000001
2025-08-13,-0.0033
2025-08-14,0.0042
2025-08-15,-0.0039000000000000003
2025-08-18,-0.0001
2025-08-19,-0.0143
2025-08-20,-0.0039000000000000003
2025-08-21,0.0066
2025-08-22,-0.005600000000000001
2025-08-25,0.0019
2025-08-26,-0.0001
2025-08-27,-0.0092
2025-08-28,-0.0007000000000000001
2025-08-29,0.0045000000000000005
2025-09-01,0.0009
2025-09-02,-0.0012
2025-09-03,-0.0011
2025-09-04,0.004
2025-09-05,-0.0070999999999999995
2025-09-08,0.0045000000000000005
2025-09-09,0.0051
2025-09-10,0.0064
2025-09-11,0.0062
2025-09-12,0.0022
2025-09-15,0.0003
2025-09-16,-0.0053
2025-09-17,-0.0052
2025-09-18,-0.0034999999999999996
2025-09-19,0.0088
2025-09-22,0.0038
2025-09-23,-0.0092
2025-09-24,0.0058
2025-09-25,0.0037
2025-09-26,0.0064
2025-09-29,-0.0021
2025-09-30,0.002
2025-10-01,-0.0074
2025-10-02,-0.0062
2025-10-03,-0.0034999999999999996
2025-10-06,-0.0006
2025-10-07,-0.0002
2025-10-08,0.0042
2025-10-09,0.0015
2025-10-10,0.0003
2025-10-13,-0.0031
2025-10-14,0.0053
2025-10-15,-0.0152
2025-10-16,-0.006999999999999999
2025-10-17,-0.011699999999999999
2025-10-20,0.0025
2025-10-21,-0.006
2025-10-22,-0.0031
2025-10-23,0.0040999999999999995
2025-10-24,-0.0009
2025-10-27,0.0070999999999999995
2025-10-28,0.0079
2025-10-29,0.0076
2025-10-30,0.0074
2025-10-31,0.0021
2025-11-03,0.0064
2025-11-04,-0.0003
2025-11-05,-0.0033
2025-11-06,0.0006
2025-11-07,-0.001
2025-11-10,0.0083
2025-11-11,-0.0146
2025-11-12,0.0040999999999999995
2025-11-13,0.0028000000000000004
2025-11-14,-0.0001
2025-11-17,0.004
2025-11-18,-0.0015
2025-11-19,-0.0025
2025-11-20,0.0073
2025-11-21,-0.0146
2025-11-24,0.0044
2025-11-25,-0.0008
2025-11-26,0.0092
2025-11-27,-0.0025
2025-11-28,-0.0011
2025-12-01,-0.0012
2025-12-02,0.011899999999999999
2025-12-03,-0.0002
2025-12-04,-0.003
2025-12-05,-0.0046
2025-12-08,0.0159
2025-12-09,0.003
2025-12-10,0.0012
2025-12-11,-0.0034000000000000002
2025-12-12,-0.005
2025-12-15,0.006500000000000001
2025-12-16,-0.0040999999999999995
2025-12-17,0.0031
2025-12-18,0.0021
2025-12-19,0.006999999999999999
2025-12-22,0.0031
2025-12-23,0.0004
2025-12-24,-0.0013
2025-12-25,0.0001
2025-12-26,0.0
2025-12-29,-0.0042
2025-12-30,0.0044
2025-12-31,0.0
2026-01-01,0.0
2026-01-02,0.01
2026-01-05,0.0034999999999999996
2026-01-06,-0.0016
2026-01-07,0.0032
2026-01-08,0.0021
2026-01-09,-0.0060999999999999995
2026-01-12,0.004699999999999999
2026-01-13,0.0042
2026-01-14,0.0048
2026-01-15,0.0003
2026-01-16,0.0074
2026-01-19,0.0132
2026-01-20,-0.0018
2026-01-21,-0.0023
2026-01-22,0.003
2026-01-23,0.0024
2026-01-26,0.0058
2026-01-27,0.0158
2026-01-28,-0.0002
2026-01-29,0.0063
2026-01-30,0.0019
2026-02-02,0.0033
2026-02-03,0.018600000000000002
2026-02-04,-0.0187
2026-02-05,-0.0075
2026-02-06,0.0069
2026-02-09,0.0109
2026-02-10,-0.0154
2026-02-11,0.006
2026-02-12,-0.0095
2026-02-13,-0.005
2026-02-16,0.0141
2026-02-17,-0.0005
2026-02-18,0.016399999999999998
2026-02-19,-0.0046
2026-02-20,-0.0029
2026-02-23,0.006500000000000001
2026-02-24,-0.0011
2026-02-25,0.0152
2026-02-26,-0.0104
2026-02-27,-0.0034999999999999996
